-- --------------------------------------------------------
-- Host:                         127.0.0.1
-- Versión del servidor:         10.4.14-MariaDB - mariadb.org binary distribution
-- SO del servidor:              Win64
-- HeidiSQL Versión:             12.1.0.6537
-- --------------------------------------------------------

/*!40101 SET @OLD_CHARACTER_SET_CLIENT=@@CHARACTER_SET_CLIENT */;
/*!40101 SET NAMES utf8 */;
/*!50503 SET NAMES utf8mb4 */;
/*!40103 SET @OLD_TIME_ZONE=@@TIME_ZONE */;
/*!40103 SET TIME_ZONE='+00:00' */;
/*!40014 SET @OLD_FOREIGN_KEY_CHECKS=@@FOREIGN_KEY_CHECKS, FOREIGN_KEY_CHECKS=0 */;
/*!40101 SET @OLD_SQL_MODE=@@SQL_MODE, SQL_MODE='NO_AUTO_VALUE_ON_ZERO' */;
/*!40111 SET @OLD_SQL_NOTES=@@SQL_NOTES, SQL_NOTES=0 */;


-- Volcando estructura de base de datos para citrads
CREATE DATABASE IF NOT EXISTS `citrads` /*!40100 DEFAULT CHARACTER SET latin1 */;
USE `citrads`;

-- Volcando estructura para tabla citrads.roles
CREATE TABLE IF NOT EXISTS `roles` (
  `id` int(11) NOT NULL AUTO_INCREMENT,
  `title` varchar(255) NOT NULL,
  `description` text NOT NULL,
  PRIMARY KEY (`id`)
) ENGINE=InnoDB AUTO_INCREMENT=8 DEFAULT CHARSET=latin1;

-- Volcando datos para la tabla citrads.roles: ~4 rows (aproximadamente)
DELETE FROM `roles`;
INSERT INTO `roles` (`id`, `title`, `description`) VALUES
	(1, 'Admin', 'Super Admin Con todos los Poderes'),
	(2, 'Supervisor', 'Puede Ver/agregar Agrodatos, Usuarios y Roles'),
	(6, 'Normal', 'Puede ver Agrodatos y Usuarios'),
	(7, 'Prueba2', 'Rol de prueba');

-- Volcando estructura para tabla citrads.admins
CREATE TABLE IF NOT EXISTS `admins` (
  `id` int(11) NOT NULL AUTO_INCREMENT,
  `full_name` varchar(255) DEFAULT NULL,
  `email` varchar(255) DEFAULT NULL,
  `password` varchar(255) DEFAULT NULL,
  `roles_id` int(11) DEFAULT NULL,
  `id_estaciones_asignadas` varchar(999) NOT NULL,
  `dias_disponibles` int(11) NOT NULL,
  PRIMARY KEY (`id`),
  KEY `admins_ibfk_1` (`roles_id`),
  CONSTRAINT `admins_ibfk_1` FOREIGN KEY (`roles_id`) REFERENCES `roles` (`id`)
) ENGINE=InnoDB AUTO_INCREMENT=24 DEFAULT CHARSET=latin1;

-- Volcando datos para la tabla citrads.admins: ~9 rows (aproximadamente)
DELETE FROM `admins`;
INSERT INTO `admins` (`id`, `full_name`, `email`, `password`, `roles_id`, `id_estaciones_asignadas`, `dias_disponibles`) VALUES
	(1, 'Alvaro Elgueda', 'zerling@hotmail.com', 'citradmin', 1, '-1', -1),
	(2, 'Juan Cordero', 'juan@hotmail.com', 'cynodon', 2, '-1', 30),
	(3, 'Nicolas Pradenass', 'nico@hotmail.com', 'festuca', 6, '', 0),
	(4, 'Fernando Fuentes', 'ffuentes@milimetric.cl', 'vinifera', 1, ',84,85,86,87,89,90,91,92,93,94,95,96,97,98,99,100,101,102,103,104,105,106,107,108,109,110,112,113,114,115,116,117,118,119,120,121,122,123,124,125,126,127,128,129,130,131,132,133,134,135,136,137,138,139,140,142,143,148,149,150,151,152,153,154,158,159,160,161,162,164,165,166,167,168,169,170,171,172,175,176,177,178,182,183,184,185,186,187,188,189,191,192', -1),
	(6, 'asdfs', 'hola@hotmail.com', '123456', 6, ',86', 30),
	(7, 'Ricardo Perez', 'riperez@utalca.cl', 'lolium', 2, ',86', 30),
	(13, 'holahola', 'ddd@hotmail.com', '123456', 6, ',86,128', 60),
	(20, 'Ricardo ', 'rjvega@me.com', 'jxoaw798', 1, ',84,85,86,87,89,90,91,92,93,94,95,96,97,98,99,100,101,102,103,104,105,106,107,108,109,110,112,113,114,115,116,117,118,119,120,121,122,123,124,125,126,127,128,129,130,131,132,133,134,135,136,137,138,139,140,142,143,148,149,150,151,152,153,154,158,159,160,161,162,164,165,166,167,168,169,170,171,172,175,176,177,178,182,183,184,185,186,187,188,189,191,192', 120),
	(23, 'Prueba 1', 'p1@test.com', '123456', 7, ',84,86', 152);



-- Volcando estructura para tabla citrads.estacioneve
CREATE TABLE IF NOT EXISTS `estacioneve` (
  `id` int(11) NOT NULL AUTO_INCREMENT,
  `adcon_id` int(11) NOT NULL,
  `nombre` tinytext NOT NULL,
  `latitud` double NOT NULL,
  `longitud` double NOT NULL,
  `altura` double DEFAULT NULL,
  `ultima_fecha` date DEFAULT NULL,
  `ultima_hora` time DEFAULT NULL,
  `intentos_de_descarga` int(11) DEFAULT 0,
  `estacion_clon_id` int(11) DEFAULT 0,
  `estado` tinytext DEFAULT NULL COMMENT '[D] = Descargando\r\n[S] = Detenida\r\n[C] = En modo clonacion\r\n[O] = Offline\r\n[E] = Error Desconocido',
  `descargar` int(11) DEFAULT NULL COMMENT '[1] = Si\r\n[0] = No',
  `clonar` int(11) DEFAULT NULL COMMENT '[1] = Si\r\n[0] = No',
  `fuente_de_datos_id` int(11) DEFAULT NULL,
  `ultima_fecha_clon` date DEFAULT NULL,
  `ultima_hora_clon` time DEFAULT NULL,
  `RTU` int(11) DEFAULT 0,
  PRIMARY KEY (`id`)
) ENGINE=InnoDB AUTO_INCREMENT=501 DEFAULT CHARSET=utf8;

-- Volcando datos para la tabla citrads.estacioneve: ~94 rows (aproximadamente)
DELETE FROM `estacioneve`;
INSERT INTO `estacioneve` (`id`, `adcon_id`, `nombre`, `latitud`, `longitud`, `altura`, `ultima_fecha`, `ultima_hora`, `intentos_de_descarga`, `estacion_clon_id`, `estado`, `descargar`, `clonar`, `fuente_de_datos_id`, `ultima_fecha_clon`, `ultima_hora_clon`, `RTU`) VALUES
	(1, 1234, 'Prueba11', -35432, -71450, NULL, NULL, NULL, 0, 0, NULL, NULL, NULL, NULL, NULL, NULL, 0),
	(84, 285, 'Peralillo (Viumanent)', -34.499, -71.45, 0, '2017-07-28', '19:15:00', 6851, 84, 'C', 1, 1, 3, '2017-08-06', '18:59:04', 49736),
	(85, 282, 'Santa Cruz (Montgras)', -34.563, -71.401, 0, '2017-04-11', '18:45:00', 12462, 85, 'C', 1, 1, 3, '2017-04-19', '00:33:23', 49731),
	(86, 240, 'E. E. Panguilemo', -35.22, -71.35, 118, '2019-07-30', '12:00:00', 2, 86, 'D', 1, 0, 3, '2017-05-23', '14:19:27', 47296),
	(87, 287, 'Coinco', -34.246, -70.916, 347, '2010-10-25', '14:00:00', 3540, 87, 'O', 0, 1, 7, '2011-05-09', '02:28:28', 37284),
	(89, 134, 'Agr. Malvilla', -33.5, -71.5, 0, '2012-03-19', '08:45:00', 23338, 89, 'O', 0, 0, 6, '2011-03-28', '14:01:12', 39370),
	(90, 981, 'V. Anakena', -34.304901, -70.771599, 0, '2012-03-19', '09:00:00', 23337, 90, 'O', 0, 0, 6, '2000-01-01', '00:00:00', 44501),
	(91, 2002, 'V. Aresti', -35.1516, -71.288401, 0, '2012-03-19', '08:45:00', 23337, 91, 'O', 0, 0, 6, '2011-02-15', '17:10:26', 44528),
	(92, 1645, 'V. Casa Rivas', -33.5, -71.060898, 0, '2012-03-19', '09:15:00', 23337, 92, 'O', 0, 0, 6, '2011-12-21', '15:31:38', 44499),
	(93, 1304, 'V. Casa Silva', -34.502201, -70.8946, 0, '2012-03-10', '22:45:00', 23576, 93, 'O', 0, 0, 6, '2000-01-01', '00:00:00', 44526),
	(94, 110, 'V. Casas del Bosque', -33.310001, -71.419998, 0, '2012-03-19', '09:15:00', 23336, 94, 'O', 0, 0, 6, '2000-01-01', '00:00:00', 41146),
	(95, 3292, 'V. Casas Patronales', -35.290001, -71.440002, 0, '2012-03-19', '09:30:00', 23335, 95, 'O', 0, 0, 6, '2000-01-01', '00:00:00', 45694),
	(96, 490, 'V. Chocalan', -33.7607, -71.225601, 0, '2012-03-19', '09:45:00', 23335, 96, 'O', 0, 0, 6, '2000-01-01', '00:00:00', 44547),
	(97, 1324, 'V. Cono Sur', -34.715698, -71.038803, 0, '2012-03-19', '09:45:00', 23335, 97, 'O', 0, 0, 6, '2000-01-01', '00:00:00', 44493),
	(98, 162, 'V. Corpora', -37.002602, -73.527802, 106, '2012-03-19', '09:45:00', 23335, 98, 'O', 0, 0, 6, '2000-01-01', '00:00:00', 44496),
	(99, 470, 'V. Demartino', -33.581699, -70.8815, 0, '2011-10-13', '15:00:00', 30455, 99, 'O', 0, 1, 6, '2011-10-20', '15:28:48', 44485),
	(100, 3142, 'V. El Aromo', -35.330002, -71.599998, 0, '2012-03-19', '10:00:00', 23335, 100, 'O', 0, 0, 6, '2000-01-01', '00:00:00', 45649),
	(101, 88, 'Agr. El Ensueno', -33.295101, -71.394798, 0, '2012-03-19', '10:15:00', 23335, 101, 'O', 0, 0, 6, '2011-04-08', '20:34:24', 39741),
	(102, 1842, 'V. Emiliana', -33.361599, -71.309097, 0, '2012-03-19', '06:45:00', 23335, 102, 'O', 0, 0, 6, '2011-07-01', '12:10:45', 44527),
	(103, 892, 'V. Errazuriz', -32.898899, -71.351501, 113, '2012-03-19', '10:30:00', 23335, 103, 'O', 0, 0, 6, '2000-01-01', '00:00:00', 44536),
	(104, 272, 'V. Falernia', -30.027901, -70.801903, 515, '2012-03-19', '10:00:00', 23335, 104, 'O', 0, 0, 6, '2000-01-01', '00:00:00', 44492),
	(105, 223, 'V. Altos de Quitralman', -37.648899, -72.216202, 187, '2012-03-19', '10:30:00', 23335, 105, 'O', 0, 0, 6, '2000-01-01', '00:00:00', 44518),
	(106, 3312, 'V. J. Bouchon', -35.57, -72, 0, '2012-03-19', '10:45:00', 23335, 106, 'O', 0, 0, 6, '2000-01-01', '00:00:00', 45628),
	(107, 1902, 'V. Lapostolle', -34.593899, -71.302399, 0, '2012-03-19', '10:45:00', 23335, 107, 'O', 0, 0, 6, '2011-02-15', '13:11:13', 44497),
	(108, 1442, 'V. Larosa', -34.324799, -71.239502, 158, '2012-03-19', '10:45:00', 23335, 108, 'O', 0, 0, 6, '2000-01-01', '00:00:00', 44498),
	(109, 24, 'Agr. Las Petras', -33.389999, -71.470001, 0, '2012-01-16', '20:30:00', 26052, 109, 'O', 0, 1, 6, '2012-01-21', '22:19:00', 41921),
	(110, 4334, 'V. Loma Larga', -33.279999, -71.470001, 0, '2012-03-19', '11:00:00', 23335, 110, 'O', 0, 0, 6, '2011-03-29', '14:12:34', 39786),
	(112, 172, 'V. LFE San Antonio', -34.669998, -71.529999, 123, '2012-03-19', '11:15:00', 23336, 112, 'O', 0, 0, 6, '2011-10-11', '05:35:02', 44488),
	(113, 1497, 'V. Lurton', -34.727501, -71.859699, 0, '2011-10-31', '13:00:00', 29669, 113, 'O', 0, 1, 6, '2011-11-06', '19:57:22', 44483),
	(114, 1294, 'V. Montes', -34.340599, -71.6502, 175, '2012-03-19', '11:15:00', 23335, 114, 'O', 0, 0, 6, '2000-01-01', '00:00:00', 44489),
	(115, 1220, 'V. Morande Romeral', -33.706699, -70.772697, 0, '2012-03-19', '11:15:00', 23335, 115, 'O', 0, 0, 6, '2000-01-01', '00:00:00', 44529),
	(116, 460, 'V. Morande San Bernardo', -33.581699, -70.717201, 0, '2012-03-19', '11:30:00', 23335, 116, 'O', 0, 0, 6, '2000-01-01', '00:00:00', 44487),
	(117, 3282, 'V. Odfjell', -36.150002, -72.269997, 0, '2012-03-19', '06:00:00', 23334, 117, 'O', 0, 0, 6, '2011-12-24', '00:17:00', 45650),
	(118, 4813, 'Orafti Los Angeles', -37.450001, -72.769997, 0, '2012-03-19', '11:45:00', 23334, 118, 'O', 0, 0, 6, '2000-01-01', '00:00:00', 39760),
	(119, 4823, 'Orafti Selva Negra', -36.846001, -72.141998, 0, '2012-03-19', '11:15:00', 23334, 119, 'O', 0, 0, 6, '2000-01-01', '00:00:00', 41931),
	(120, 4102, 'V. Perez Cruz', -33.843102, -70.619904, 0, '2012-03-19', '12:15:00', 23334, 120, 'O', 0, 0, 6, '2010-11-15', '11:00:00', 45703),
	(121, 1162, 'V. Ravanal', -34.641602, -71.121201, 0, '2012-03-19', '12:15:00', 23334, 121, 'O', 0, 0, 6, '2011-10-11', '14:06:58', 44508),
	(122, 2162, 'V. San Pedro El Transito', -33.771099, -70.6856, 0, '2012-03-19', '12:30:00', 23334, 122, 'O', 0, 0, 6, '2000-01-01', '00:00:00', 44500),
	(123, 2192, 'V. San Pedro Molina', -35.114201, -71.334801, 0, '2012-03-19', '12:15:00', 23334, 123, 'O', 0, 0, 6, '2000-01-01', '00:00:00', 44511),
	(124, 2182, 'V. San Pedro Pencahue', -35.333, -71.769302, 0, '2012-03-19', '12:30:00', 23334, 124, 'O', 0, 0, 6, '2000-01-01', '00:00:00', 44502),
	(125, 2172, 'V. San Pedro Totihue', -34.341099, -70.727798, 0, '2012-03-19', '12:45:00', 23334, 125, 'O', 0, 0, 6, '2011-03-30', '01:09:19', 44541),
	(126, 4322, 'V. Terranoble', -33.330002, -71.410004, 0, '2012-03-19', '12:30:00', 23334, 126, 'O', 0, 0, 6, '2000-01-01', '00:00:00', 40084),
	(127, 121, 'Agr. Santa Elena', -35.700001, -71.839996, 0, '2012-03-19', '13:00:00', 23334, 127, 'O', 0, 0, 6, '2012-03-09', '20:35:07', 39775),
	(128, 262, 'V. Casa Tamaya', -30.566601, -71.395798, 293, '2012-03-19', '13:15:00', 23334, 128, 'O', 0, 0, 6, '2000-01-01', '00:00:00', 44494),
	(129, 3262, 'V. Terramater', -35.009998, -71.43, 0, '2012-03-19', '13:00:00', 23334, 129, 'O', 0, 0, 6, '2011-11-25', '00:35:29', 45647),
	(130, 3302, 'V. Undurraga', -35.91, -72.260002, 0, '2012-03-19', '13:20:53', 23334, 130, 'O', 0, 0, 6, '2000-01-01', '00:00:00', 45645),
	(131, 450, 'V. Ventisquero', -34.022499, -71.344101, 0, '2012-03-05', '23:15:00', 23810, 131, 'O', 0, 1, 6, '2012-03-11', '00:42:33', 44545),
	(132, 882, 'V. Von Siebenthal', -32.798401, -70.836403, 0, '2012-03-19', '14:15:00', 23334, 132, 'O', 0, 0, 6, '2012-01-10', '03:55:51', 44486),
	(133, 3122, 'V. William Fevre', -33.671299, -70.581596, 0, '2012-03-16', '00:00:00', 23335, 133, 'O', 0, 0, 6, '2000-01-01', '00:00:00', 45631),
	(134, 184, 'Coltauco (El Sauce)', -34.245, -71.027, 281, '2011-02-12', '16:00:00', 3462, 134, 'O', 0, 1, 7, '2011-05-10', '18:03:54', 37152),
	(135, 277, 'Coltauco (Los Bronces)', -34.212, -70.998, 298, '2011-02-12', '16:00:00', 3530, 135, 'O', 0, 1, 7, '2011-05-09', '06:34:06', 37272),
	(136, 4163, 'V. Garces Silva', -33.69, -71.49, 222, '2012-03-16', '00:00:00', 23335, 89, 'O', 0, 0, 6, '2000-01-01', '00:00:00', 44505),
	(137, 4462, 'V. Santa Rita', -33.720001, -70.669998, 0, '2012-03-16', '00:00:00', 23335, 137, 'O', 0, 0, 6, '2000-01-01', '00:00:00', 46196),
	(138, 4622, 'V. Concha y Toro', -30.610001, -71.300003, 0, '2012-03-16', '00:15:00', 23335, 89, 'O', 0, 0, 6, '2000-01-01', '00:00:00', 46195),
	(139, 3272, 'V. Carta Vieja', -35.650002, -71.669998, 0, '2012-03-16', '00:15:00', 23334, 139, 'O', 0, 0, 6, '2011-12-30', '12:16:22', 45638),
	(140, 4344, 'V. LFE Colchagua', -34.689999, -71.209999, 123, '2011-06-24', '21:00:00', 32344, 140, 'O', 0, 1, 6, '2011-06-30', '00:32:17', 44484),
	(142, 4942, 'Agr. La Concordia', -35.911999, -72.365898, 0, '2011-05-25', '00:15:00', 34665, 101, 'O', 0, 1, 6, '2011-05-31', '20:41:49', 40079),
	(143, 408, 'Colbun (FRUCOL)', -35.699899, -71.461243, 224, '2012-04-15', '12:15:00', 20822, 143, 'O', 0, 1, 3, '2012-04-18', '02:17:46', 39702),
	(148, 562, 'Marta Martinez (MS)', -35.74403, -71.572952, 154, '2014-12-03', '15:00:00', 10657, 148, 'O', 0, 1, 3, '2014-12-17', '18:20:39', 58471),
	(149, 488, 'La Querencia (MS)', -35.711697, -71.497467, 194, '2014-12-03', '14:00:00', 10657, 149, 'O', 0, 1, 3, '2014-12-17', '18:21:27', 48466),
	(150, 483, 'San Miguel (La Caba&ntilde;a) (MS)', -35.622307, -71.443977, 260, '2014-12-03', '11:00:00', 10657, 150, 'O', 0, 1, 3, '2014-12-17', '18:22:13', 48440),
	(151, 478, 'La Estancia (MS)', -35.746655, -71.540695, 161, '2014-12-03', '13:00:00', 10656, 151, 'O', 0, 1, 3, '2014-12-17', '18:22:58', 48469),
	(152, 279, 'Quepo', -35.392676, -71.734865, 86, '2018-03-09', '11:00:00', 2030, 152, 'C', 1, 1, 3, '2018-03-14', '00:12:32', 49320),
	(153, 498, 'EL Llano (MS)', -35.666103, -71.506729, 213, '2014-12-03', '13:00:00', 10651, 153, 'O', 0, 1, 3, '2014-12-17', '18:23:54', 37272),
	(154, 8022, 'V. Ventisquero Apalta', 0, 0, 0, '2012-03-16', '00:15:00', 23282, 154, 'O', 0, 0, 6, '2000-01-01', '00:00:00', 46208),
	(158, 9071, 'V. Santa Carolina', 0, 0, 0, '2012-03-16', '00:15:00', 23282, 158, 'O', 0, 0, 6, '2000-01-01', '00:00:00', 46201),
	(159, 5302, 'V. Torres', -35.560001, -72.279999, 0, '2012-03-12', '17:45:00', 23437, 159, 'O', 0, 0, 6, '2012-02-22', '09:42:51', 46206),
	(160, 8083, 'V. Puertas', 0, 0, 0, '2012-03-15', '23:45:00', 23283, 160, 'O', 0, 0, 6, '2000-01-01', '00:00:00', 46188),
	(161, 279, 'Quepo [c]', -35.392676, -71.734865, 86, '2018-03-09', '11:00:00', 2029, 161, 'C', 1, 1, 3, '2018-03-14', '00:27:52', 49320),
	(162, 337, 'Longavi (La Sexta)', -36.11893259, -71.59465481, 240, '2012-12-12', '07:00:00', 59743, 162, 'O', 0, 1, 3, '2012-12-14', '19:57:55', 37277),
	(164, 267, 'Pelarco (El Manzano)', -35.4222789, -71.38647679, 188, '2019-07-30', '12:00:00', 3, 164, 'D', 1, 0, 3, '2017-03-29', '03:08:56', 37275),
	(165, 334, 'Parral (Quillaimo)', -36.183, -71.6045, 267, '2012-12-12', '07:00:00', 59731, 165, 'O', 0, 1, 3, '2012-12-14', '19:58:34', 37284),
	(166, 249, 'San Clemente', -35.4594, -71.4961, 172, '2015-08-10', '11:00:00', 7793, 166, 'O', 0, 1, 3, '2015-08-21', '12:04:56', 37291),
	(167, 249, 'San Clemente [c]', -35.4594, -71.4961, 172, '2015-08-10', '11:00:00', 7793, 167, 'O', 0, 1, 3, '2015-08-21', '12:05:38', 37291),
	(168, 267, 'Pelarco (El Manzano) [c]', -35.4222789, -71.38647679, 188, '2019-07-30', '12:00:00', 3, 168, 'D', 1, 0, 3, '2017-03-29', '03:09:40', 37275),
	(169, 9738, 'Tarapaca', -33.77, -70.93, 0, '2012-03-16', '00:15:00', 23249, 169, 'O', 0, 0, 6, '2000-01-01', '00:00:00', 46205),
	(170, 546, 'Longavi - El Almendro', -35.95, -71.79, 141, '2017-04-03', '20:15:00', 12893, 84, 'C', 1, 1, 3, '2017-04-06', '21:42:01', 57291),
	(171, 546, 'Longavi - El Almendro [c]', -35.95, -71.79, 141, '2017-04-03', '20:15:00', 12868, 84, 'C', 1, 1, 3, '2017-04-06', '21:42:29', 57291),
	(172, 174, 'San Vicente', -34.353, -71.117, 225, '2011-02-12', '15:00:00', 50548, 172, 'O', 0, 1, 8, '2013-06-10', '21:39:00', 37184),
	(175, 631, 'Parral', -36.1618, -71.8677, 171, '2019-07-30', '11:00:00', 7, 170, 'D', 1, 0, 3, '2000-01-01', '00:00:00', 15859),
	(176, 659, 'Bramadero ENDESA', -35.58438, -71.308544, 0, '2019-07-30', '12:00:00', 3, 84, 'D', 1, 0, 3, '2017-10-04', '14:40:24', 27275),
	(177, 656, 'Bajo Lircay ENDESA', -35.486037, -71.313832, 0, '2019-07-30', '12:00:00', 3, 84, 'D', 1, 0, 3, '2017-04-01', '03:48:14', 28471),
	(178, 745, 'Mariposas ENDESA', -35.530245, -71.425204, 0, '2019-07-30', '12:00:00', 3, 84, 'D', 1, 0, 3, '2017-03-29', '03:24:19', 29242),
	(182, 691, 'Duao CTA', -35.550874, -71.594541, 162, '2019-07-30', '12:00:00', 3, 182, 'D', 1, 0, 3, '2017-04-01', '01:47:35', 44209),
	(183, 754, 'San Víctor Alamos FIC', -35.886594, -71.472779, 244, '2019-07-30', '12:00:00', 3, 84, 'D', 1, 0, 3, '2017-03-06', '00:36:23', 59044),
	(184, 772, 'Huapi FIC', -35.887962, -71.602668, 170, '2016-03-09', '16:38:04', 30207, 84, 'O', 0, 1, 3, '2016-03-12', '16:58:35', 59043),
	(185, 763, 'Palmilla FIC', -35.803578, -71.742717, 113, '2019-07-30', '12:30:00', 1, 84, 'D', 1, 0, 3, '2017-07-08', '05:24:56', 59308),
	(186, 709, 'La Posada FIC', -35.816648, -71.580869, 155, '2018-01-23', '15:00:00', 3707, 84, 'C', 1, 1, 3, '2018-02-04', '19:06:16', 59317),
	(187, 682, 'Coinco CTA', -34.268, -70.958, 330, '2019-07-30', '12:00:00', 3, 84, 'D', 1, 0, 3, '2017-10-04', '14:56:09', 44230),
	(188, 797, 'Pencahue', -35.427, -71.398, 201, '2019-07-30', '12:00:00', 3, 84, 'D', 1, 0, 3, '2017-03-20', '03:53:52', 40671),
	(189, 809, 'Test RTU 09.2017', 0, 0, 0, '2017-11-14', '11:43:09', 4370, 84, 'C', 1, 1, 3, '2017-12-01', '01:08:34', 40001),
	(191, 821, 'Rio Claro (AgriChile)', -35.221, -71.355, 238, '2018-07-05', '21:00:00', 660, 86, 'C', 1, 1, 3, '2019-07-26', '04:29:21', 40002),
	(192, 843, 'Retiro CTA', -36.069529, -71.774263, 183, '2019-07-30', '12:00:00', 3, 84, 'D', 1, 0, 3, '2000-01-01', '00:00:00', 40006),
	(500, 500, 'nombreDePrueba', 14, 15, 0, '0000-00-00', '00:00:00', 0, 0, '', 0, 0, NULL, NULL, NULL, 0);

-- Volcando estructura para tabla citrads.estaciones_asignadas
CREATE TABLE IF NOT EXISTS `estaciones_asignadas` (
  `id` int(32) NOT NULL AUTO_INCREMENT,
  `idusuario` int(32) NOT NULL,
  `idestacion` int(32) NOT NULL,
  PRIMARY KEY (`id`),
  KEY `idusuario` (`idusuario`),
  KEY `idestacion` (`idestacion`),
  CONSTRAINT `estaciones_asignadas_ibfk_1` FOREIGN KEY (`idestacion`) REFERENCES `estacioneve` (`id`),
  CONSTRAINT `estaciones_asignadas_ibfk_2` FOREIGN KEY (`idusuario`) REFERENCES `admins` (`id`)
) ENGINE=InnoDB AUTO_INCREMENT=6 DEFAULT CHARSET=latin1;

-- Volcando datos para la tabla citrads.estaciones_asignadas: ~0 rows (aproximadamente)
DELETE FROM `estaciones_asignadas`;


-- Volcando estructura para tabla citrads.gd_hf
CREATE TABLE IF NOT EXISTS `gd_hf` (
  `fecha` date NOT NULL,
  `id_estacion` int(11) NOT NULL,
  `gradosDia` double NOT NULL,
  `horasFrio` double NOT NULL
) ENGINE=InnoDB DEFAULT CHARSET=latin1;

-- Volcando datos para la tabla citrads.gd_hf: ~2.694 rows (aproximadamente)
DELETE FROM `gd_hf`;
INSERT INTO `gd_hf` (`fecha`, `id_estacion`, `gradosDia`, `horasFrio`) VALUES
	('2010-01-01', 86, 9.56675, 0),
	('2010-01-01', 86, 9.56675, 0),
	('2010-01-02', 86, 11.508, 0),
	('2010-01-03', 86, 8.181, 0),
	('2010-01-04', 86, 9.347, 0),
	('2010-01-05', 86, 7.9305, 0),
	('2010-01-06', 86, 8.485825, 0),
	('2010-01-07', 86, 9.69475, 0),
	('2010-01-08', 86, 9.584875, 0),
	('2010-01-09', 86, 9.89625, 0),
	('2010-01-10', 86, 11.056, 0),
	('2010-01-11', 86, 5.488425, 0),
	('2010-01-12', 86, 6.660575, 0),
	('2010-01-13', 86, 8.42525, 0),
	('2010-01-14', 86, 10.62875, 0),
	('2010-01-15', 86, 11.05, 0),
	('2010-01-16', 86, 11.105, 0),
	('2010-01-17', 86, 12.5395, 0),
	('2010-01-18', 86, 11.33075, 0),
	('2010-01-19', 86, 10.94025, 0),
	('2010-01-20', 86, 13.962, 0),
	('2010-01-21', 86, 14.646, 0),
	('2010-01-22', 86, 13.1685, 0),
	('2010-01-23', 86, 12.503, 0),
	('2010-01-24', 86, 12.7535, 0),
	('2010-01-25', 86, 11.972, 0),
	('2010-01-26', 86, 12.326, 0),
	('2010-01-27', 86, 13.29675, 0),
	('2010-01-28', 86, 13.4065, 0),
	('2010-01-29', 86, 10.39675, 0),
	('2010-01-30', 86, 8.565, 0),
	('2010-01-31', 86, 9.92675, 0),
	('2010-02-01', 86, 10.971, 0),
	('2010-02-02', 86, 8.7545, 0),
	('2010-02-03', 86, 5.9705, 0),
	('2010-02-04', 86, 6.819425, 0),
	('2010-02-05', 86, 7.674075, 0),
	('2010-02-06', 86, 5.958425, 0),
	('2010-02-07', 86, 9.52975, 0),
	('2010-02-08', 86, 10.50675, 0),
	('2010-02-09', 86, 9.37725, 0),
	('2010-02-10', 86, 8.87675, 0),
	('2010-02-11', 86, 9.44475, 0),
	('2010-02-12', 86, 9.7985, 0),
	('2010-02-13', 86, 9.05985, 0),
	('2010-02-14', 86, 9.8105, 0),
	('2010-02-15', 86, 7.97925, 0),
	('2010-02-16', 86, 8.91325, 0),
	('2010-02-17', 86, 6.562875, 0),
	('2010-02-18', 86, 6.3127, 0),
	('2010-02-19', 86, 7.191625, 0),
	('2010-02-20', 86, 9.46875, 0),
	('2010-02-21', 86, 8.400325, 0),
	('2010-02-22', 86, 5.7815, 0),
	('2010-02-23', 86, 8.13175, 0),
	('2010-02-24', 86, 8.247775, 0),
	('2010-02-25', 86, 5.96475, 0),
	('2010-02-26', 86, 6.428625, 0),
	('2010-02-27', 86, 10.415, 0),
	('2010-02-28', 86, 7.86925, 0),
	('2010-03-01', 86, 8.15025, 0),
	('2010-03-02', 86, 8.93175, 0),
	('2010-03-03', 86, 8.205, 0),
	('2010-03-04', 86, 8.30885, 0),
	('2010-03-05', 86, 8.5836, 0),
	('2010-03-06', 86, 10.27475, 0),
	('2010-03-07', 86, 6.78245, 0),
	('2010-03-08', 86, 7.44225, 0),
	('2010-03-09', 86, 6.9902, 0),
	('2010-03-10', 86, 8.229575, 0),
	('2010-03-11', 86, 7.05735, 0),
	('2010-03-12', 86, 7.17975, 0),
	('2010-03-13', 86, 6.825275, 0),
	('2010-03-14', 86, 7.06355, 0),
	('2010-03-15', 86, 6.5202, 0),
	('2010-03-16', 86, 5.37255, 0),
	('2010-03-17', 86, 7.48475, 0),
	('2010-03-18', 86, 6.471275, 0),
	('2010-03-19', 86, 6.159975, 0),
	('2010-03-20', 86, 6.7583, 0),
	('2010-03-21', 86, 6.099, 0),
	('2010-03-22', 86, 4.340525, 0),
	('2010-03-23', 86, 5.8913, 1),
	('2010-03-24', 86, 7.56425, 0),
	('2010-03-25', 86, 7.4972, 0),
	('2010-03-26', 86, 7.1303, 0),
	('2010-03-27', 86, 6.849875, 0),
	('2010-03-28', 86, 4.896325, 0),
	('2010-03-29', 86, 8.0285, 0),
	('2010-03-30', 86, 8.73, 0),
	('2010-03-31', 86, 5.68365, 0),
	('2010-04-01', 86, 4.706875, 0),
	('2010-04-02', 86, 3.553225, 1),
	('2010-04-03', 86, 2.86315, 2),
	('2010-04-04', 86, 4.67045, 5),
	('2010-04-05', 86, 4.39545, 4),
	('2010-04-06', 86, 2.6619, 0),
	('2010-04-07', 86, 4.182, 0),
	('2010-04-08', 86, 3.59595, 3),
	('2010-04-09', 86, 1.117175, 3),
	('2010-04-10', 86, 1.678925, 0),
	('2010-04-11', 86, 2.472675, 3),
	('2010-04-12', 86, 2.8876, 3),
	('2010-04-13', 86, 1.740075, 4),
	('2010-04-14', 86, 0.53722, 9),
	('2010-04-15', 86, 2.03925, 9),
	('2010-04-16', 86, 2.777625, 0),
	('2010-04-17', 86, 2.7046, 4),
	('2010-04-18', 86, 4.61525, 0),
	('2010-04-19', 86, 1.532325, 3),
	('2010-04-20', 86, 1.330925, 0),
	('2010-04-21', 86, -1.3614, 8),
	('2010-04-22', 86, -2.02072, 8),
	('2010-04-23', 86, -2.564145, 9),
	('2010-04-24', 86, -4.03542, 15),
	('2010-04-25', 86, -4.072155, 14),
	('2010-04-26', 86, -2.264875, 11),
	('2010-04-27', 86, 1.165875, 2),
	('2010-04-28', 86, -0.519125000000001, 10),
	('2010-04-29', 86, -2.32608, 8),
	('2010-04-30', 86, 1.00735, 4),
	('2010-05-01', 86, 0.928050000000001, 6),
	('2010-05-02', 86, 2.820525, 7),
	('2010-05-03', 86, 2.9303, 1),
	('2010-05-04', 86, 1.4836, 1),
	('2010-05-05', 86, 2.5455, 0),
	('2010-05-06', 86, 0.708, 2),
	('2010-05-07', 86, -2.59455, 10),
	('2010-05-08', 86, -1.83145, 11),
	('2010-05-09', 86, -1.862095, 11),
	('2010-05-10', 86, -0.720330000000001, 10),
	('2010-05-11', 86, -2.14285, 11),
	('2010-05-12', 86, -0.469949999999999, 1),
	('2010-05-13', 86, 0.189249999999999, 1),
	('2010-05-14', 86, -1.697175, 0),
	('2010-05-15', 86, -1.001325, 8),
	('2010-05-16', 86, -1.8499, 13),
	('2010-05-17', 86, -2.77175, 11),
	('2010-05-18', 86, -3.51645, 15),
	('2010-05-19', 86, -3.5165, 12),
	('2010-05-20', 86, -3.81555, 13),
	('2010-05-21', 86, -4.07825, 15),
	('2010-05-22', 86, -3.724075, 14),
	('2010-05-23', 86, -4.548195, 18),
	('2010-05-24', 86, -3.913355, 13),
	('2010-05-25', 86, -3.913345, 10),
	('2010-05-26', 86, -2.802125, 11),
	('2010-05-27', 86, -3.626325, 14),
	('2010-05-28', 86, -1.63005, 8),
	('2010-05-29', 86, 0.164899999999999, 0),
	('2010-05-30', 86, -2.02685, 10),
	('2010-05-31', 86, -3.66295, 11),
	('2010-06-01', 86, -4.61537, 18),
	('2010-06-02', 86, -3.034125, 13),
	('2010-06-03', 86, -2.442125, 14),
	('2010-06-04', 86, -1.874375, 12),
	('2010-06-05', 86, -1.4468, 3),
	('2010-06-06', 86, -2.0878, 11),
	('2010-06-07', 86, -2.68615, 11),
	('2010-06-08', 86, -5.20755, 17),
	('2010-06-09', 86, -0.0732250000000008, 3),
	('2010-06-10', 86, -0.4336, 9),
	('2010-06-11', 86, 0.543275000000001, 0),
	('2010-06-12', 86, 0.103900000000001, 1),
	('2010-06-13', 86, -0.738625000000001, 7),
	('2010-06-14', 86, -1.06835, 0),
	('2010-06-15', 86, -0.976925, 2),
	('2010-06-16', 86, -0.0304000000000002, 0),
	('2010-06-17', 86, 2.16725, 0),
	('2010-06-18', 86, -0.793725, 0),
	('2010-06-19', 86, -1.83155, 3),
	('2010-06-20', 86, -4.163625, 18),
	('2010-06-21', 86, -1.6729, 10),
	('2010-06-22', 86, 1.245425, 0),
	('2010-06-23', 86, 0.0916499999999996, 0),
	('2010-06-24', 86, -3.30275, 9),
	('2010-06-25', 86, -7.25285, 18),
	('2010-06-26', 86, -6.77046, 21),
	('2010-06-27', 86, -5.29296, 19),
	('2010-06-28', 86, -1.184375, 12),
	('2010-06-29', 86, -1.80715, 10),
	('2010-06-30', 86, -4.68255, 20),
	('2010-07-01', 86, -3.052525, 14),
	('2010-07-02', 86, -2.22835, 5),
	('2010-07-03', 86, -4.438325, 18),
	('2010-07-04', 86, 0.152575000000001, 0),
	('2010-07-05', 86, 0.641249999999999, 0),
	('2010-07-06', 86, -0.445675, 1),
	('2010-07-07', 86, -1.843675, 10),
	('2010-07-08', 86, 0.0428999999999995, 6),
	('2010-07-09', 86, -1.819175, 9),
	('2010-07-10', 86, -4.92054, 18),
	('2010-07-11', 86, -3.66915, 11),
	('2010-07-12', 86, -7.081795, 19),
	('2010-07-13', 86, -7.942605, 24),
	('2010-07-14', 86, -9.05983, 24),
	('2010-07-15', 86, -6.01945, 18),
	('2010-07-16', 86, -4.49945, 10),
	('2010-07-17', 86, -5.39073, 15),
	('2010-07-18', 86, -6.184275, 16),
	('2010-07-19', 86, -5.811925, 15),
	('2010-07-20', 86, -6.025645, 24),
	('2010-07-21', 86, -7.57023, 23),
	('2010-07-22', 86, -7.40535, 21),
	('2010-07-23', 86, -3.84005, 17),
	('2010-07-24', 86, -3.357875, 14),
	('2010-07-25', 86, -5.6716, 16),
	('2010-07-26', 86, -3.78507, 12),
	('2010-07-27', 86, -5.873035, 19),
	('2010-07-28', 86, -8.235645, 24),
	('2010-07-29', 86, -4.69475, 19),
	('2010-07-30', 86, -3.7667, 16),
	('2010-07-31', 86, -6.343, 19),
	('2010-08-01', 86, -4.364975, 15),
	('2010-08-02', 86, -6.428685, 19),
	('2010-08-03', 86, -5.36625, 14),
	('2010-08-04', 86, -5.042725, 14),
	('2010-08-05', 86, -4.713025, 15),
	('2010-08-06', 86, -3.34555, 13),
	('2010-08-07', 86, -6.12935, 16),
	('2010-08-08', 86, -4.62135, 11),
	('2010-08-09', 86, -5.341825, 16),
	('2010-08-10', 86, -5.5251, 12),
	('2010-08-11', 86, -1.129425, 2),
	('2010-08-12', 86, -1.001075, 9),
	('2010-08-13', 86, -3.46775, 14),
	('2010-08-14', 86, -2.8206, 11),
	('2010-08-15', 86, -2.417475, 8),
	('2010-08-16', 86, 0.66535, 0),
	('2010-08-17', 86, 2.70425, 0),
	('2010-08-18', 86, 1.56295, 0),
	('2010-08-19', 86, 1.636275, 3),
	('2010-08-20', 86, 0.64725, 5),
	('2010-08-21', 86, 0.347849999999999, 6),
	('2010-08-22', 86, 0.329425000000001, 7),
	('2010-08-23', 86, 0.549325, 1),
	('2010-08-24', 86, -2.771675, 11),
	('2010-08-25', 86, -2.27102, 10),
	('2010-08-26', 86, -2.679975, 9),
	('2010-08-27', 86, 1.4468, 0),
	('2010-08-28', 86, 0.622525, 0),
	('2010-08-29', 86, -3.284375, 12),
	('2010-08-30', 86, -2.3261, 9),
	('2010-08-31', 86, -3.449275, 10),
	('2010-09-01', 86, -3.058625, 11),
	('2010-09-02', 86, -0.103825000000001, 8),
	('2010-09-03', 86, 0.860749999999999, 0),
	('2010-09-04', 86, 0.0182000000000002, 7),
	('2010-09-05', 86, 0.164825, 1),
	('2010-09-06', 86, 0.68985, 9),
	('2010-09-07', 86, 1.343325, 4),
	('2010-09-08', 86, 2.026925, 7),
	('2010-09-09', 86, 1.3125, 5),
	('2010-09-10', 86, 0.317625, 4),
	('2010-09-11', 86, -1.971975, 10),
	('2010-09-12', 86, -0.55555, 3),
	('2010-09-13', 86, -2.17325, 10),
	('2010-09-14', 86, -1.4959, 10),
	('2010-09-15', 86, 1.83135, 3),
	('2010-09-16', 86, -1.11105, 7),
	('2010-09-17', 86, -0.915844999999999, 9),
	('2010-09-18', 86, -0.36017, 9),
	('2010-09-19', 86, 2.777575, 0),
	('2010-09-20', 86, 1.288, 4),
	('2010-09-21', 86, 0.360249999999999, 5),
	('2010-09-22', 86, 0.176975000000001, 6),
	('2010-09-23', 86, 1.06215, 8),
	('2010-09-24', 86, 0.610424999999999, 8),
	('2010-09-25', 86, 0.6594, 1),
	('2010-09-26', 86, -0.116075, 7),
	('2010-09-27', 86, 2.1248, 0),
	('2010-09-28', 86, 1.8437, 2),
	('2010-09-29', 86, -0.305050000000001, 2),
	('2010-09-30', 86, -0.744875, 6),
	('2010-10-01', 86, 0.598324999999999, 8),
	('2010-10-02', 86, 2.2344, 4),
	('2010-10-03', 86, 1.654375, 4),
	('2010-10-04', 86, 1.788525, 0),
	('2010-10-05', 86, 2.204, 0),
	('2010-10-06', 86, 2.31985, 1),
	('2010-10-07', 86, 2.362475, 1),
	('2010-10-08', 86, 2.380975, 5),
	('2010-10-09', 86, 3.931875, 6),
	('2010-10-11', 86, 1.318725, 0),
	('2010-10-12', 86, 2.74725, 0),
	('2010-10-13', 86, 4.0965, 0),
	('2010-10-14', 86, 1.910725, 0),
	('2010-10-15', 86, 1.495675, 5),
	('2010-10-16', 86, 4.09035, 0),
	('2010-10-17', 86, 4.096475, 6),
	('2010-10-18', 86, 3.5959, 3),
	('2010-10-19', 86, 5.848725, 0),
	('2010-10-20', 86, 6.1415, 0),
	('2010-10-21', 86, 5.549525, 0),
	('2010-10-22', 86, 1.508025, 0),
	('2010-10-23', 86, 3.64475, 0),
	('2010-10-24', 86, 4.45055, 2),
	('2010-10-25', 86, 5.6472, 3),
	('2010-10-26', 86, 1.904725, 2),
	('2010-10-27', 86, 3.65695, 0),
	('2010-10-28', 86, 0.366199999999999, 1),
	('2010-10-29', 86, -1.312575, 10),
	('2010-10-30', 86, 1.4836, 9),
	('2010-10-31', 86, 6.36135, 0),
	('2010-11-01', 86, 10.1895, 0),
	('2010-11-02', 86, 9.945, 0),
	('2010-11-03', 86, 5.922, 0),
	('2010-11-04', 86, 5.500525, 0),
	('2010-11-05', 86, 6.001075, 1),
	('2010-11-06', 86, 9.51775, 0),
	('2010-11-07', 86, 1.30645, 3),
	('2010-11-08', 86, 0.8424, 6),
	('2010-11-09', 86, 3.596025, 2),
	('2010-11-10', 86, 7.234475, 0),
	('2010-11-11', 86, 4.32245, 0),
	('2010-11-12', 86, 5.421025, 0),
	('2010-11-13', 86, 6.6484, 0),
	('2010-11-14', 86, 7.3869, 0),
	('2010-11-15', 86, 7.106, 0),
	('2010-11-16', 86, 8.308875, 0),
	('2010-11-17', 86, 9.3895, 0),
	('2010-11-18', 86, 5.7266, 0),
	('2010-11-19', 86, 4.969325, 0),
	('2010-11-20', 86, 6.1478, 0),
	('2010-11-21', 86, 5.158775, 0),
	('2010-11-22', 86, 8.4555, 0),
	('2010-11-23', 86, 9.6275, 0),
	('2010-11-24', 86, 9.542, 0),
	('2010-11-25', 86, 9.13315, 0),
	('2010-11-26', 86, 8.0645, 0),
	('2010-11-27', 86, 7.576125, 0),
	('2010-11-28', 86, 7.478675, 0),
	('2010-11-29', 86, 6.740075, 0),
	('2010-11-30', 86, 7.722775, 0),
	('2010-12-01', 86, 5.9647, 0),
	('2010-12-02', 86, 5.806075, 0),
	('2010-12-03', 86, 5.64115, 0),
	('2010-12-04', 86, 7.331875, 1),
	('2010-12-05', 86, 9.81675, 0),
	('2010-12-06', 86, 4.719125, 0),
	('2010-12-07', 86, 7.04525, 0),
	('2010-12-08', 86, 8.303025, 0),
	('2010-12-09', 86, 4.188075, 4),
	('2010-12-10', 86, 5.464, 0),
	('2010-12-11', 86, 0.555399999999999, 0),
	('2010-12-12', 86, 2.2953, 6),
	('2010-12-13', 86, 6.776575, 0),
	('2010-12-14', 86, 9.2185, 0),
	('2010-12-15', 86, 8.9255, 0),
	('2010-12-16', 86, 7.00245, 0),
	('2010-12-17', 86, 6.52625, 0),
	('2010-12-18', 86, 6.1052, 0),
	('2010-12-19', 86, 6.880225, 0),
	('2010-12-20', 86, 10.32975, 0),
	('2010-12-21', 86, 11.978, 0),
	('2010-12-22', 86, 8.10725, 0),
	('2010-12-23', 86, 9.27325, 0),
	('2010-12-24', 86, 9.12075, 0),
	('2010-12-25', 86, 11.56925, 0),
	('2010-12-26', 86, 12.06375, 0),
	('2010-12-27', 86, 12.25275, 0),
	('2010-12-28', 86, 11.57525, 0),
	('2010-12-29', 86, 9.07825, 0),
	('2010-12-30', 86, 9.188, 0),
	('2010-12-31', 86, 8.6815, 0),
	('2011-01-01', 86, 8.8645, 0),
	('2011-01-02', 86, 7.84475, 0),
	('2011-01-21', 86, 11.32475, 0),
	('2011-01-22', 86, 13.05875, 0),
	('2011-01-23', 86, 13.5835, 0),
	('2011-01-24', 86, 12.1305, 0),
	('2011-01-25', 86, 13.44925, 0),
	('2011-01-26', 86, 12.74725, 0),
	('2011-01-27', 86, 12.21, 0),
	('2011-01-28', 86, 10.7935, 0),
	('2011-01-29', 86, 11.22725, 0),
	('2011-01-30', 86, 9.291625, 0),
	('2011-01-31', 86, 11.044, 0),
	('2011-02-01', 86, 10.43925, 0),
	('2011-02-02', 86, 8.69955, 0),
	('2011-02-03', 86, 8.6875, 0),
	('2011-02-04', 86, 10.24425, 0),
	('2011-02-05', 86, 9.988, 0),
	('2011-02-06', 86, 8.382175, 0),
	('2011-02-07', 86, 10.09175, 0),
	('2011-02-08', 86, 11.15375, 0),
	('2011-02-09', 86, 10.2505, 0),
	('2011-02-10', 86, 7.44825, 0),
	('2011-02-11', 86, 8.76675, 0),
	('2011-02-12', 86, 8.651, 0),
	('2011-02-13', 86, 9.768, 0),
	('2011-02-14', 86, 12.0575, 0),
	('2011-02-15', 86, 9.40775, 0),
	('2011-02-16', 86, 7.6495, 0),
	('2011-02-17', 86, 9.2552, 0),
	('2011-02-18', 86, 11.166, 0),
	('2011-02-19', 86, 8.8705, 0),
	('2011-02-20', 86, 7.5275, 0),
	('2011-02-21', 86, 9.0535, 0),
	('2011-02-22', 86, 10.403, 0),
	('2011-02-23', 86, 8.60825, 0),
	('2011-02-24', 86, 7.8757, 0),
	('2011-02-25', 86, 8.71775, 0),
	('2011-02-26', 86, 9.8595, 0),
	('2011-02-27', 86, 10.34175, 0),
	('2011-02-28', 86, 9.80485, 0),
	('2011-03-01', 86, 10.3478, 0),
	('2011-03-02', 86, 8.70575, 0),
	('2011-03-03', 86, 10.8365, 0),
	('2011-03-04', 86, 9.79875, 0),
	('2011-03-05', 86, 8.2965, 0),
	('2011-03-06', 86, 8.18075, 0),
	('2011-03-07', 86, 8.406375, 0),
	('2011-03-08', 86, 9.5055, 0),
	('2011-03-09', 86, 8.8095, 0),
	('2011-03-10', 86, 7.83885, 0),
	('2011-03-11', 86, 8.88875, 0),
	('2011-03-12', 86, 4.48725, 0),
	('2011-03-13', 86, 3.00375, 4),
	('2011-03-14', 86, 4.8535, 0),
	('2011-03-15', 86, 3.93775, 0),
	('2011-03-16', 86, 4.804675, 0),
	('2011-03-17', 86, 4.3347, 0),
	('2011-03-18', 86, 5.2685, 0),
	('2011-03-19', 86, 5.73255, 0),
	('2011-03-20', 86, 7.18565, 0),
	('2011-03-21', 86, 6.1356, 0),
	('2011-03-22', 86, 7.833, 0),
	('2011-03-23', 86, 4.3529, 0),
	('2011-03-24', 86, 4.52365, 1),
	('2011-03-25', 86, 3.54095, 0),
	('2011-03-26', 86, 2.7594, 0),
	('2011-03-27', 86, 1.862, 1),
	('2011-03-28', 86, 2.74705, 5),
	('2011-03-29', 86, 4.127075, 3),
	('2011-03-30', 86, 5.2381, 2),
	('2011-03-31', 86, 6.6302, 0),
	('2011-04-01', 86, 5.68375, 0),
	('2011-04-02', 86, 3.69365, 2),
	('2011-04-03', 86, 5.5372, 0),
	('2011-04-04', 86, 5.4397, 0),
	('2011-04-05', 86, 7.04525, 0),
	('2011-04-06', 86, 3.9927, 0),
	('2011-04-07', 86, 4.19425, 0),
	('2011-04-08', 86, 4.18805, 5),
	('2011-04-09', 86, 2.698325, 0),
	('2011-04-10', 86, 4.5605, 0),
	('2011-04-11', 86, 6.868, 0),
	('2011-04-12', 86, 2.6861, 0),
	('2011-04-13', 86, 0.976900000000001, 1),
	('2011-04-14', 86, 0.921799999999999, 9),
	('2011-04-15', 86, 0.470050000000001, 8),
	('2011-04-16', 86, 0.32375, 7),
	('2011-04-17', 86, 1.11735, 6),
	('2011-04-18', 86, 0.787399999999998, 4),
	('2011-04-19', 86, 0.506499999999999, 9),
	('2011-04-20', 86, 0.99525, 3),
	('2011-04-21', 86, 0.0182749999999992, 9),
	('2011-04-22', 86, -0.946249999999999, 3),
	('2011-04-23', 86, -1.03185, 11),
	('2011-04-24', 86, 0.976749999999999, 8),
	('2011-04-26', 86, 2.551825, 8),
	('2011-04-27', 86, 2.41775, 0),
	('2011-04-29', 86, 0.7447, 0),
	('2011-04-30', 86, -0.390725, 11),
	('2011-05-03', 86, -0.921775, 10),
	('2011-05-04', 86, 2.8081, 5),
	('2011-05-05', 86, 2.46, 0),
	('2011-05-08', 86, 0.2196, 3),
	('2011-05-10', 86, -2.8755, 13),
	('2011-05-12', 86, 2.4665, 0),
	('2011-05-14', 86, 0.329700000000001, 11),
	('2011-05-15', 86, -0.921875, 5),
	('2011-05-16', 86, 1.019575, 0),
	('2011-05-17', 86, -0.567875000000001, 2),
	('2011-05-18', 86, -3.81575, 13),
	('2011-05-19', 86, 1.483525, 0),
	('2011-05-20', 86, -0.268549999999999, 0),
	('2011-05-21', 86, -0.805899999999999, 0),
	('2011-05-22', 86, -0.757, 3),
	('2011-05-23', 86, -2.8571, 11),
	('2011-05-24', 86, -4.230735, 13),
	('2011-05-25', 86, -2.68, 14),
	('2011-05-26', 86, -4.26731, 16),
	('2011-05-27', 86, -3.5897, 16),
	('2011-05-28', 86, -1.9962, 11),
	('2011-05-31', 86, -4.9024, 21),
	('2011-06-01', 86, -5.781495, 15),
	('2011-06-02', 86, -1.4713, 11),
	('2011-06-03', 86, -2.97303, 12),
	('2011-06-04', 86, -3.333415, 13),
	('2011-06-05', 86, 0.549349999999999, 0),
	('2011-06-06', 86, 0.10975, 4),
	('2011-06-07', 86, 2.0025, 0),
	('2011-06-08', 86, 0.983000000000001, 0),
	('2011-06-09', 86, -1.4775, 12),
	('2011-06-10', 86, -2.295425, 12),
	('2011-06-11', 86, -1.26975, 10),
	('2011-06-12', 86, -0.293049999999999, 0),
	('2011-06-13', 86, -5.56783, 17),
	('2011-06-14', 86, -6.42845, 17),
	('2011-06-15', 86, -3.803525, 15),
	('2011-06-16', 86, -1.51995, 13),
	('2011-06-17', 86, -1.3614, 8),
	('2011-06-18', 86, 0.738524999999999, 0),
	('2011-06-19', 86, 0.390750000000001, 0),
	('2011-06-20', 86, 0.226050000000001, 0),
	('2011-06-21', 86, -2.857075, 13),
	('2011-06-22', 86, -4.566525, 24),
	('2011-06-23', 86, -4.6215, 19),
	('2011-06-24', 86, -5.06096, 16),
	('2011-06-25', 86, -6.489635, 20),
	('2011-06-26', 86, -8.003575, 20),
	('2011-06-27', 86, -7.960925, 18),
	('2011-06-28', 86, -2.9854, 13),
	('2011-06-29', 86, -1.251525, 1),
	('2011-07-02', 86, -8.064705, 24),
	('2011-07-04', 86, -7.35645, 18),
	('2011-07-05', 86, -4.70692, 17),
	('2011-07-06', 86, -7.686215, 24),
	('2011-07-07', 86, -5.976805, 21),
	('2011-07-08', 86, -6.312525, 18),
	('2011-07-09', 86, -1.837665, 9),
	('2011-07-10', 86, -1.044175, 8),
	('2011-07-11', 86, 0.573725, 0),
	('2011-07-13', 86, -3.3577, 15),
	('2011-07-15', 86, -2.704525, 4),
	('2011-07-18', 86, -6.24545, 24),
	('2011-07-20', 86, -3.956025, 14),
	('2011-07-24', 86, -5.34187, 13),
	('2011-07-25', 86, -1.4164, 5),
	('2011-07-26', 86, -4.40785, 17),
	('2011-07-27', 86, -3.22345, 13),
	('2011-07-28', 86, -0.769275, 0),
	('2011-07-30', 86, -3.888875, 17),
	('2011-08-01', 86, -5.524975, 13),
	('2011-08-02', 86, -3.3579, 15),
	('2011-08-03', 86, -5.384535, 17),
	('2011-08-04', 86, -5.2442, 13),
	('2011-08-05', 86, -0.2257, 0),
	('2011-08-06', 86, -1.0013, 1),
	('2011-08-07', 86, -1.81925, 9),
	('2011-08-09', 86, 3.058475, 0),
	('2011-08-15', 86, -2.0757, 10),
	('2011-08-17', 86, -1.562825, 3),
	('2011-08-18', 86, -3.5043, 15),
	('2011-08-19', 86, -5.207605, 18),
	('2011-08-20', 86, -4.9085, 15),
	('2011-08-21', 86, -4.04145, 14),
	('2011-08-22', 86, -2.93051, 12),
	('2011-08-23', 86, -1.3615, 10),
	('2011-08-24', 86, -1.0868, 0),
	('2011-08-26', 86, -0.525024999999999, 0),
	('2011-08-27', 86, 0.402950000000001, 0),
	('2011-08-28', 86, -0.598174999999999, 0),
	('2011-08-30', 86, -4.358925, 13),
	('2011-08-31', 86, -1.57508, 10),
	('2011-09-01', 86, -1.74608, 12),
	('2011-09-02', 86, -2.2283, 11),
	('2011-09-03', 86, 0.103724999999999, 1),
	('2011-09-04', 86, -2.570275, 13),
	('2011-09-05', 86, -2.6128, 11),
	('2011-09-06', 86, -1.086725, 9),
	('2011-09-07', 86, -2.802, 11),
	('2011-09-08', 86, -2.68615, 11),
	('2011-09-09', 86, 1.6362, 0),
	('2011-09-10', 86, -0.799850000000001, 6),
	('2011-09-11', 86, 0.561425, 7),
	('2011-09-12', 86, 2.283325, 3),
	('2011-09-13', 86, 1.6422, 2),
	('2011-09-14', 86, -1.19665, 8),
	('2011-09-16', 86, 1.38565, 0),
	('2011-09-17', 86, -0.738650000000002, 9),
	('2011-09-18', 86, 0.0489499999999996, 10),
	('2011-09-19', 86, 2.02685, 3),
	('2011-09-20', 86, 1.36755, 8),
	('2011-09-22', 86, 2.4971, 0),
	('2011-09-23', 86, 1.691175, 6),
	('2011-09-24', 86, 2.7901, 3),
	('2011-09-25', 86, 5.4335, 0),
	('2011-09-26', 86, 3.66915, 1),
	('2011-09-27', 86, 6.02575, 0),
	('2011-09-29', 86, 0.964449999999999, 4),
	('2011-09-30', 86, 2.4359, 0),
	('2011-10-01', 86, 1.4897, 5),
	('2011-10-02', 86, 3.5836, 4),
	('2011-10-03', 86, -0.329550000000001, 5),
	('2011-10-04', 86, 2.612875, 0),
	('2011-10-06', 86, 1.4345, 0),
	('2011-10-07', 86, 0.213799999999999, 3),
	('2011-10-08', 86, -1.117275, 11),
	('2011-10-09', 86, 1.013525, 7),
	('2011-10-10', 86, 1.3432, 7),
	('2011-10-12', 86, 0.152574999999999, 1),
	('2011-10-13', 86, 1.660725, 8),
	('2011-10-14', 86, 2.270975, 5),
	('2011-10-15', 86, 2.51515, 6),
	('2011-10-16', 86, 2.936375, 0),
	('2011-10-17', 86, 3.1441, 0),
	('2011-10-18', 86, 5.189325, 2),
	('2011-10-19', 86, 6.135575, 1),
	('2011-10-20', 86, 6.30035, 1),
	('2011-10-21', 86, 5.1589, 0),
	('2011-10-22', 86, 4.560525, 1),
	('2011-10-23', 86, 5.463925, 2),
	('2011-10-24', 86, 4.2917, 0),
	('2011-10-25', 86, 4.951275, 0),
	('2011-10-26', 86, 4.95135, 4),
	('2011-10-27', 86, 3.089075, 4),
	('2011-10-28', 86, 3.1809, 3),
	('2011-10-29', 86, 5.56785, 0),
	('2011-10-30', 86, 7.66815, 1),
	('2011-10-31', 86, 4.596925, 0),
	('2011-11-01', 86, 4.1695, 0),
	('2011-11-02', 86, 4.89635, 2),
	('2011-11-03', 86, 5.934125, 2),
	('2011-11-04', 86, 5.561825, 3),
	('2011-11-05', 86, 7.136775, 1),
	('2011-11-06', 86, 8.364, 0),
	('2011-11-07', 86, 5.042775, 0),
	('2011-11-08', 86, 3.10745, 0),
	('2011-11-09', 86, 4.46265, 0),
	('2011-11-10', 86, 4.572575, 2),
	('2011-11-11', 86, 7.25885, 0),
	('2011-11-12', 86, 5.378325, 0),
	('2011-11-13', 86, 6.74, 0),
	('2011-11-14', 86, 9.237, 0),
	('2011-11-15', 86, 10.89775, 0),
	('2011-11-16', 86, 5.80575, 0),
	('2011-11-17', 86, 8.07075, 0),
	('2011-11-18', 86, 3.66325, 0),
	('2011-11-19', 86, 5.238125, 0),
	('2011-11-20', 86, 5.6716, 0),
	('2011-11-21', 86, 6.672925, 0),
	('2011-11-22', 86, 8.455425, 0),
	('2011-11-23', 86, 6.080425, 1),
	('2011-11-24', 86, 8.6935, 0),
	('2011-11-25', 86, 8.78525, 0),
	('2011-11-26', 86, 8.784875, 0),
	('2011-11-27', 86, 7.0207, 0),
	('2011-11-28', 86, 8.68765, 0),
	('2011-11-29', 86, 10.32975, 0),
	('2011-11-30', 86, 10.763, 0),
	('2011-12-01', 86, 7.026975, 0),
	('2011-12-02', 86, 6.434725, 0),
	('2011-12-03', 86, 7.533625, 0),
	('2011-12-04', 86, 8.51055, 0),
	('2011-12-05', 86, 10.58, 0),
	('2011-12-06', 86, 9.872, 0),
	('2011-12-07', 86, 9.719, 0),
	('2011-12-08', 86, 12.42975, 0),
	('2011-12-09', 86, 11.6485, 0),
	('2011-12-10', 86, 9.884, 0),
	('2011-12-11', 86, 9.4565, 0),
	('2011-12-13', 86, 12.13075, 0),
	('2011-12-14', 86, 9.127, 0),
	('2011-12-16', 86, 9.0965, 0),
	('2011-12-17', 86, 11.15375, 0),
	('2011-12-18', 86, 12.9425, 0),
	('2011-12-19', 86, 11.2455, 0),
	('2011-12-20', 86, 10.1895, 0),
	('2011-12-21', 86, 8.9255, 0),
	('2011-12-23', 86, 7.478575, 0),
	('2011-12-24', 86, 11.66665, 0),
	('2011-12-25', 86, 12.081875, 0),
	('2011-12-26', 86, 12.71075, 0),
	('2011-12-27', 86, 14.4505, 0),
	('2011-12-28', 86, 11.4775, 0),
	('2011-12-30', 86, 11.56275, 0),
	('2011-12-31', 86, 10.421, 0),
	('2012-01-01', 86, 13.663, 0),
	('2012-01-02', 86, 13.90125, 0),
	('2012-01-03', 86, 13.3635, 0),
	('2012-01-04', 86, 11.52625, 0),
	('2012-01-05', 86, 10.07325, 0),
	('2012-01-07', 86, 9.664, 0),
	('2012-01-08', 86, 11.07425, 0),
	('2012-01-09', 86, 9.768, 0),
	('2012-01-10', 86, 9.01725, 0),
	('2012-01-11', 86, 10.177, 0),
	('2012-01-12', 86, 13.36975, 0),
	('2012-01-13', 86, 11.795, 0),
	('2012-01-14', 86, 10.42725, 0),
	('2012-01-15', 86, 12.033, 0),
	('2012-01-16', 86, 10.25025, 0),
	('2012-01-17', 86, 11.1965, 0),
	('2012-01-18', 86, 12.9425, 0),
	('2012-01-19', 86, 11.6545, 0),
	('2012-01-20', 86, 8.23575, 0),
	('2012-01-21', 86, 7.89975, 0),
	('2012-01-22', 86, 8.36375, 0),
	('2012-01-23', 86, 8.20525, 0),
	('2012-01-24', 86, 10.287, 0),
	('2012-01-25', 86, 11.3675, 0),
	('2012-01-26', 86, 10.8975, 0),
	('2012-01-28', 86, 9.95125, 0),
	('2012-01-29', 86, 10.177, 0),
	('2012-01-30', 86, 9.249, 0),
	('2012-01-31', 86, 10.00625, 0),
	('2012-02-01', 86, 9.70075, 0),
	('2012-02-02', 86, 10.52525, 0),
	('2012-02-03', 86, 11.03175, 0),
	('2012-02-04', 86, 9.676325, 0),
	('2012-02-05', 86, 11.20875, 0),
	('2012-02-06', 86, 11.569, 0),
	('2012-02-07', 86, 10.519, 0),
	('2012-02-09', 86, 13.608, 0),
	('2012-02-10', 86, 13.29075, 0),
	('2012-02-11', 86, 13.50425, 0),
	('2012-02-12', 86, 11.72775, 0),
	('2012-02-13', 86, 12.6375, 0),
	('2012-02-14', 86, 11.76425, 0),
	('2012-02-16', 86, 10.5615, 0),
	('2012-02-17', 86, 9.73125, 0),
	('2012-02-18', 86, 10.80575, 0),
	('2012-02-19', 86, 11.3005, 0),
	('2012-02-20', 86, 9.078, 0),
	('2012-02-21', 86, 9.127, 0),
	('2012-02-23', 86, 8.9685, 0),
	('2012-02-24', 86, 5.9036, 0),
	('2012-02-26', 86, 9.0415, 0),
	('2012-02-27', 86, 7.839, 0),
	('2012-02-28', 86, 6.68475, 0),
	('2012-02-29', 86, 6.257525, 0),
	('2012-03-01', 86, 7.67405, 0),
	('2012-03-02', 86, 10.12825, 0),
	('2012-03-03', 86, 12.36275, 0),
	('2012-03-04', 86, 11.53875, 0),
	('2012-03-05', 86, 10.4395, 0),
	('2012-03-06', 86, 8.22975, 0),
	('2012-03-07', 86, 9.304, 0),
	('2012-03-08', 86, 10.56175, 0),
	('2012-03-09', 86, 7.1305, 0),
	('2012-03-10', 86, 9.78025, 0),
	('2012-03-11', 86, 6.4591, 0),
	('2012-03-12', 86, 8.065, 0),
	('2012-03-13', 86, 7.716875, 0),
	('2012-03-14', 86, 10.299, 0),
	('2012-03-15', 86, 10.82425, 0),
	('2012-03-16', 86, 6.508, 0),
	('2012-03-17', 86, 9.2245, 0),
	('2012-03-18', 86, 7.68, 0),
	('2012-03-19', 86, 8.034, 0),
	('2012-03-20', 86, 7.497, 0),
	('2012-03-21', 86, 8.29675, 0),
	('2012-03-22', 86, 6.2395, 0),
	('2012-03-23', 86, 5.647025, 0),
	('2012-03-24', 86, 5.67775, 0),
	('2012-03-25', 86, 5.146475, 0),
	('2012-03-26', 86, 4.53, 1),
	('2012-03-27', 86, 5.89115, 3),
	('2012-03-28', 86, 5.622675, 3),
	('2012-03-29', 86, 6.48975, 0),
	('2012-03-30', 86, 8.5164, 0),
	('2012-03-31', 86, 7.515225, 0),
	('2012-04-01', 86, 7.326, 0),
	('2012-04-02', 86, 6.581175, 1),
	('2012-04-03', 86, 4.82285, 0),
	('2012-04-04', 86, 3.595875, 0),
	('2012-04-05', 86, 2.50915, 2),
	('2012-04-06', 86, 5.714275, 0),
	('2012-04-07', 86, 5.702, 0),
	('2012-04-08', 86, 5.90975, 0),
	('2012-04-09', 86, 1.74595, 0),
	('2012-04-10', 86, 1.233375, 10),
	('2012-04-11', 86, 4.76795, 0),
	('2012-04-12', 86, 5.341825, 0),
	('2012-04-13', 86, 3.5531, 0),
	('2012-04-14', 86, 3.418675, 0),
	('2012-04-15', 86, 3.736175, 0),
	('2012-04-16', 86, 0.5312, 6),
	('2012-04-17', 86, 0.958349999999999, 6),
	('2012-04-18', 86, 1.23925, 9),
	('2012-04-19', 86, 1.8864, 7),
	('2012-04-20', 86, 0.463825, 6),
	('2012-04-21', 86, 1.73395, 7),
	('2012-04-22', 86, 1.618025, 7),
	('2012-04-23', 86, 0.781375000000001, 2),
	('2012-04-24', 86, 1.214975, 0),
	('2012-04-25', 86, -1.129425, 9),
	('2012-04-26', 86, -0.0306749999999987, 3),
	('2012-04-27', 86, 1.83145, 0),
	('2012-04-28', 86, 0.591999999999999, 2),
	('2012-04-29', 86, -0.0243749999999991, 7),
	('2012-04-30', 86, -0.0612500000000011, 9),
	('2012-05-01', 86, 0.995125, 5),
	('2012-05-02', 86, 2.191625, 1),
	('2012-05-03', 86, 3.3089, 4),
	('2012-05-04', 86, 2.362675, 4),
	('2012-05-05', 86, 2.716625, 0),
	('2012-05-06', 86, 3.949875, 0),
	('2012-05-07', 86, 3.748625, 0),
	('2012-05-08', 86, 0.115874999999999, 4),
	('2012-05-09', 86, -1.1906, 11),
	('2012-05-10', 86, -1.0805, 9),
	('2012-05-11', 86, 1.92925, 3),
	('2012-05-12', 86, -0.341825, 6),
	('2012-05-13', 86, -1.300375, 6),
	('2012-05-14', 86, -0.6594, 12),
	('2012-05-15', 86, -1.709425, 9),
	('2012-05-16', 86, 2.332, 0),
	('2012-05-17', 86, -0.347949999999999, 2),
	('2012-05-18', 86, -3.94395, 17),
	('2012-05-19', 86, -3.9805, 12),
	('2012-05-20', 86, -0.488375, 1),
	('2012-05-21', 86, -3.327275, 12),
	('2012-05-22', 86, -3.724175, 15),
	('2012-05-23', 86, -3.18675, 15),
	('2012-05-24', 86, -3.443125, 11),
	('2012-05-25', 86, 0.921749999999999, 2),
	('2012-05-26', 86, 3.1195, 0),
	('2012-05-27', 86, 5.67775, 0),
	('2012-05-28', 86, 6.45925, 0),
	('2012-05-29', 86, 3.138, 0),
	('2012-05-30', 86, 0.000150000000001427, 5),
	('2012-05-31', 86, 1.1112, 0),
	('2012-06-01', 86, 0.921925, 1),
	('2012-06-02', 86, 2.44185, 0),
	('2012-06-03', 86, -1.489525, 6),
	('2012-06-04', 86, -4.69475, 21),
	('2012-06-05', 86, -4.3774, 16),
	('2012-06-06', 86, -6.385925, 18),
	('2012-06-07', 86, -6.819325, 17),
	('2012-06-08', 86, -5.38465, 16),
	('2012-06-09', 86, -4.75582, 13),
	('2012-06-10', 86, -6.12943, 17),
	('2012-06-11', 86, -2.68015, 12),
	('2012-06-12', 86, 2.94875, 0),
	('2012-06-13', 86, 3.27825, 0),
	('2012-06-14', 86, 0.0061499999999981, 0),
	('2012-06-15', 86, 0.164925, 0),
	('2012-06-16', 86, 4.1635, 0),
	('2012-06-17', 86, 1.538575, 0),
	('2012-06-19', 86, 0.665600000000001, 0),
	('2012-06-20', 86, -0.58615, 3),
	('2012-06-21', 86, -3.125875, 15),
	('2012-06-22', 86, -2.1002, 13),
	('2012-06-23', 86, -3.3089, 11),
	('2012-06-24', 86, -1.642325, 8),
	('2012-06-25', 86, -4.4934, 14),
	('2012-06-26', 86, -3.272225, 13),
	('2012-06-27', 86, 1.14185, 0),
	('2012-06-28', 86, 0.158899999999999, 0),
	('2012-06-29', 86, 1.7642, 0),
	('2012-06-30', 86, 3.1625, 0),
	('2012-07-01', 86, 0.018324999999999, 0),
	('2012-07-02', 86, -5.28085, 17),
	('2012-07-03', 86, -7.136805, 18),
	('2012-07-04', 86, -5.177075, 21),
	('2012-07-05', 86, -5.873, 20),
	('2012-07-06', 86, -7.15515, 19),
	('2012-07-07', 86, -6.8132, 18),
	('2012-07-08', 86, -4.200265, 13),
	('2012-07-09', 86, -4.82295, 20),
	('2012-07-10', 86, -4.86575, 18),
	('2012-07-11', 86, -5.451795, 17),
	('2012-07-12', 86, -1.9047, 11),
	('2012-07-13', 86, -3.0342, 13),
	('2012-07-14', 86, -1.367475, 11),
	('2012-07-15', 86, -0.659325000000001, 3),
	('2012-07-16', 86, -1.605575, 12),
	('2012-07-17', 86, -2.86322, 14),
	('2012-07-18', 86, -1.745975, 10),
	('2012-07-19', 86, -2.85705, 9),
	('2012-07-20', 86, -2.5273, 12),
	('2012-07-21', 86, -0.756975000000001, 0),
	('2012-07-22', 86, -2.0696, 9),
	('2012-07-23', 86, -3.638475, 15),
	('2012-07-24', 86, -3.547075, 16),
	('2012-07-25', 86, -6.306455, 20),
	('2012-07-26', 86, -6.07445, 17),
	('2012-07-27', 86, -6.599575, 20),
	('2012-07-28', 86, -5.5249, 14),
	('2012-07-29', 86, -5.970665, 18),
	('2012-07-30', 86, -8.809525, 19),
	('2012-07-31', 86, -2.490945, 10),
	('2012-08-01', 86, 0.305150000000001, 0),
	('2012-08-02', 86, -0.476224999999999, 0),
	('2012-08-03', 86, -1.8071, 10),
	('2012-08-04', 86, -3.156375, 15),
	('2012-08-05', 86, -2.429725, 15),
	('2012-08-06', 86, -3.0464, 15),
	('2012-08-07', 86, -2.515375, 15),
	('2012-08-08', 86, -5.402945, 24),
	('2012-08-09', 86, -4.42615, 21),
	('2012-08-10', 86, -4.371175, 18),
	('2012-08-11', 86, -4.79859, 17),
	('2012-08-12', 86, -5.769225, 13),
	('2012-08-13', 86, -4.249075, 19),
	('2012-08-14', 86, -1.770325, 7),
	('2012-08-15', 86, -0.256375, 0),
	('2012-08-16', 86, 2.3993, 0),
	('2012-08-17', 86, 0.628674999999999, 0),
	('2012-08-18', 86, -0.396775, 4),
	('2012-08-19', 86, 1.00105, 0),
	('2012-08-20', 86, 0.158875, 5),
	('2012-08-21', 86, 0.0732999999999997, 0),
	('2012-08-22', 86, -3.003625, 11),
	('2012-08-23', 86, -3.2722, 13),
	('2012-08-24', 86, -4.60932, 15),
	('2012-08-25', 86, -3.1075, 14),
	('2012-08-26', 86, -3.05249, 12),
	('2012-08-27', 86, -1.55051, 10),
	('2012-08-28', 86, 0.52515, 5),
	('2012-08-29', 86, 0.573650000000001, 2),
	('2012-08-30', 86, 0.0245250000000006, 5),
	('2012-08-31', 86, 1.050125, 8),
	('2012-09-01', 86, 4.8901, 0),
	('2012-09-03', 86, 1.483425, 0),
	('2012-09-04', 86, 2.924, 0),
	('2012-09-05', 86, 1.82535, 0),
	('2012-09-06', 86, 0.909675, 0),
	('2012-09-07', 86, -1.465075, 9),
	('2012-09-08', 86, 2.30165, 0),
	('2012-09-09', 86, 2.07555, 5),
	('2012-09-10', 86, 1.0196, 8),
	('2012-09-11', 86, 1.39795, 0),
	('2012-09-12', 86, 0.201425, 9),
	('2012-09-13', 86, 1.953725, 4),
	('2012-09-14', 86, 0.390825, 6),
	('2012-09-15', 86, 2.307725, 0),
	('2012-09-16', 86, 0.287100000000001, 4),
	('2012-09-17', 86, -1.59345, 8),
	('2012-09-18', 86, -0.0792999999999999, 2),
	('2012-09-19', 86, -3.113425, 10),
	('2012-09-20', 86, 0.457975000000001, 1),
	('2012-09-21', 86, 1.0439, 9),
	('2012-09-22', 86, 3.009725, 3),
	('2012-09-23', 86, 1.611675, 1),
	('2012-09-24', 86, 2.417625, 1),
	('2012-09-25', 86, 3.36995, 7),
	('2012-09-26', 86, 3.956125, 4),
	('2012-09-27', 86, 0.384499999999999, 0),
	('2012-09-28', 86, 3.0586, 0),
	('2012-09-29', 86, 2.03305, 5),
	('2012-09-30', 86, 2.5885, 0),
	('2012-10-01', 86, -0.219725, 8),
	('2012-10-02', 86, 0.738525000000001, 6),
	('2012-10-03', 86, 0.628825000000001, 8),
	('2012-10-04', 86, -0.8241, 7),
	('2012-10-05', 86, 1.70945, 0),
	('2012-10-06', 86, 0.451625, 0),
	('2012-10-07', 86, 0.842275000000001, 0),
	('2012-10-08', 86, 2.167025, 0),
	('2012-10-09', 86, 2.778, 0),
	('2012-10-10', 86, 2.57635, 1),
	('2012-10-11', 86, 2.228275, 1),
	('2012-10-12', 86, 2.98525, 0),
	('2012-10-13', 86, 4.1575, 0),
	('2012-10-14', 86, 3.48625, 0),
	('2012-10-16', 86, 5.177175, 1),
	('2012-10-17', 86, 2.93655, 0),
	('2012-10-19', 86, 2.2283, 2),
	('2012-10-20', 86, 2.3505, 2),
	('2012-10-21', 86, 2.014525, 0),
	('2012-10-22', 86, 2.032975, 0),
	('2012-10-24', 86, 4.285575, 0),
	('2012-10-26', 86, 4.151375, 3),
	('2012-10-28', 86, 5.909525, 0),
	('2012-10-30', 86, 3.974425, 3),
	('2012-11-01', 86, 6.9598, 0),
	('2012-11-02', 86, 7.49115, 1),
	('2012-11-03', 86, 7.716725, 0),
	('2012-11-04', 86, 8.327375, 0),
	('2012-11-08', 86, 4.63375, 0),
	('2012-11-10', 86, 4.682575, 0),
	('2012-11-11', 86, 7.948775, 0),
	('2012-11-12', 86, 9.60925, 0),
	('2012-11-13', 86, 8.498375, 0),
	('2012-11-14', 86, 7.75325, 0),
	('2012-11-15', 86, 7.97925, 0),
	('2012-11-16', 86, 5.40925, 0),
	('2012-11-17', 86, 7.8695, 0),
	('2012-11-18', 86, 8.455325, 0),
	('2012-11-19', 86, 9.8415, 0),
	('2012-11-20', 86, 9.713, 0),
	('2012-11-21', 86, 6.81935, 0),
	('2012-11-22', 86, 4.127, 0),
	('2012-11-23', 86, 4.3589, 0),
	('2012-11-24', 86, 6.105, 0),
	('2012-11-25', 86, 7.539675, 0),
	('2012-11-26', 86, 9.7865, 0),
	('2012-11-27', 86, 10.708075, 0),
	('2012-11-28', 86, 6.923, 0),
	('2012-11-29', 86, 6.26375, 0),
	('2012-11-30', 86, 6.403975, 0),
	('2012-12-01', 86, 8.85825, 0),
	('2012-12-02', 86, 7.91225, 0),
	('2012-12-04', 86, 8.290675, 0),
	('2012-12-05', 86, 8.18685, 0),
	('2012-12-06', 86, 5.409, 0),
	('2012-12-07', 86, 6.73385, 0),
	('2012-12-08', 86, 9.762, 0),
	('2012-12-09', 86, 11.453, 0),
	('2012-12-10', 86, 7.92425, 0),
	('2012-12-11', 86, 9.1638, 0),
	('2012-12-12', 86, 8.21735, 0),
	('2012-12-13', 86, 10.04875, 0),
	('2012-12-14', 86, 9.15735, 0),
	('2012-12-15', 86, 6.636, 0),
	('2012-12-16', 86, 8.968225, 0),
	('2012-12-17', 86, 8.99275, 0),
	('2012-12-18', 86, 5.12825, 0),
	('2012-12-19', 86, 6.1415, 0),
	('2012-12-20', 86, 4.20625, 0),
	('2012-12-21', 86, 6.929075, 2),
	('2012-12-22', 86, 8.91325, 0),
	('2012-12-23', 86, 8.66925, 0),
	('2012-12-24', 86, 5.28675, 0),
	('2012-12-25', 86, 5.0733, 0),
	('2012-12-26', 86, 6.7277, 0),
	('2012-12-27', 86, 7.83865, 0),
	('2012-12-28', 86, 9.3345, 0),
	('2012-12-29', 86, 10.916, 0),
	('2012-12-30', 86, 12.17375, 0),
	('2012-12-31', 86, 10.598, 0),
	('2013-01-01', 86, 12.4725, 0),
	('2013-01-02', 86, 10.3356, 0),
	('2013-01-03', 86, 8.6875, 0),
	('2013-01-04', 86, 7.9, 0),
	('2013-01-05', 86, 10.27475, 0),
	('2013-01-06', 86, 11.685, 0),
	('2013-01-07', 86, 10.769, 0),
	('2013-01-08', 86, 11.3185, 0),
	('2013-01-09', 86, 14.11475, 0),
	('2013-01-10', 86, 14.31, 0),
	('2013-01-11', 86, 13.20525, 0),
	('2013-01-12', 86, 13.089, 0),
	('2013-01-13', 86, 12.31975, 0),
	('2013-01-14', 86, 10.635, 0),
	('2013-01-15', 86, 11.288, 0),
	('2013-01-16', 86, 12.19775, 0),
	('2013-01-17', 86, 11.105, 0),
	('2013-01-18', 86, 11.87425, 0),
	('2013-01-19', 86, 11.8375, 0),
	('2013-01-20', 86, 12.03925, 0),
	('2013-01-21', 86, 11.2515, 0),
	('2013-01-22', 86, 13.1685, 0),
	('2013-01-23', 86, 13.425, 0),
	('2013-01-24', 86, 11.25775, 0),
	('2013-01-25', 86, 12.07, 0),
	('2013-01-26', 86, 12.47875, 0),
	('2013-01-27', 86, 11.8985, 0),
	('2013-01-28', 86, 7.75325, 0),
	('2013-01-29', 86, 10.90355, 0),
	('2013-01-30', 86, 11.0075, 0),
	('2013-01-31', 86, 10.25, 0),
	('2013-02-01', 86, 10.4885, 0),
	('2013-02-02', 86, 12.57025, 0),
	('2013-02-03', 86, 14.5725, 0),
	('2013-02-04', 86, 13.95, 0),
	('2013-02-05', 86, 10.88525, 0),
	('2013-02-06', 86, 12.4055, 0),
	('2013-02-07', 86, 14.28575, 0),
	('2013-02-08', 86, 12.50925, 0),
	('2013-02-09', 86, 11.862, 0),
	('2013-02-10', 86, 12.1735, 0),
	('2013-02-11', 86, 9.951, 0),
	('2013-02-12', 86, 12.0085, 0),
	('2013-02-13', 86, 9.49325, 0),
	('2013-02-14', 86, 11.2085, 0),
	('2013-02-15', 86, 12.19775, 0),
	('2013-02-16', 86, 7.01475, 0),
	('2013-02-17', 86, 6.8195, 0),
	('2013-02-18', 86, 6.65455, 0),
	('2013-02-19', 86, 8.241825, 0),
	('2013-02-20', 86, 8.247725, 0),
	('2013-02-21', 86, 10.08575, 0),
	('2013-02-22', 86, 10.52525, 0),
	('2013-02-23', 86, 8.3515, 0),
	('2013-02-24', 86, 8.94975, 0),
	('2013-02-25', 86, 10.20775, 0),
	('2013-02-26', 86, 9.3895, 0),
	('2013-02-27', 86, 8.956, 0),
	('2013-02-28', 86, 7.72875, 0),
	('2013-03-01', 86, 3.4309, 2),
	('2013-03-02', 86, 7.4908, 0),
	('2013-03-03', 86, 9.21855, 0),
	('2013-03-04', 86, 9.37125, 0),
	('2013-03-05', 86, 6.4653, 0),
	('2013-03-06', 86, 5.311425, 0),
	('2013-03-07', 86, 5.4089, 0),
	('2013-03-08', 86, 4.285575, 0),
	('2013-03-09', 86, 5.861, 1),
	('2013-03-10', 86, 9.02325, 0),
	('2013-03-11', 86, 7.96105, 0),
	('2013-03-12', 86, 6.978, 0),
	('2013-03-13', 86, 4.957325, 1),
	('2013-03-14', 86, 4.37105, 4),
	('2013-03-15', 86, 5.9279, 2),
	('2013-03-16', 86, 5.897425, 3),
	('2013-03-17', 86, 5.512925, 1),
	('2013-03-18', 86, 5.7265, 0),
	('2013-03-19', 86, 5.3785, 0),
	('2013-03-20', 86, 6.69725, 0),
	('2013-03-21', 86, 5.69575, 0),
	('2013-03-22', 86, 4.97565, 0),
	('2013-03-23', 86, 5.305325, 0),
	('2013-03-24', 86, 4.731375, 0),
	('2013-03-25', 86, 7.021, 0),
	('2013-03-26', 86, 7.6375, 0),
	('2013-03-27', 86, 8.21125, 0),
	('2013-03-28', 86, 7.71025, 0),
	('2013-03-29', 86, 6.0685, 0),
	('2013-03-30', 86, 4.151375, 0),
	('2013-03-31', 86, 5.87275, 0),
	('2013-04-01', 86, 6.91075, 0),
	('2013-04-02', 86, 4.175775, 1),
	('2013-04-03', 86, 6.06855, 0),
	('2013-04-04', 86, 4.5726, 0),
	('2013-04-05', 86, 1.214775, 0),
	('2013-04-06', 86, 2.570125, 6),
	('2013-04-07', 86, 3.3331, 4),
	('2013-04-08', 86, 2.258975, 2),
	('2013-04-09', 86, 1.1602, 7),
	('2013-04-10', 86, 1.745875, 6),
	('2013-04-11', 86, 2.6495, 0),
	('2013-04-12', 86, -0.518924999999999, 7),
	('2013-04-13', 86, 0.0977999999999994, 7),
	('2013-04-14', 86, 2.36265, 7),
	('2013-04-15', 86, 4.9022, 6),
	('2013-04-16', 86, 3.85235, 3),
	('2013-04-17', 86, 4.07795, 3),
	('2013-04-18', 86, 3.31495, 6),
	('2013-04-19', 86, 1.788825, 3),
	('2013-04-20', 86, 5.885, 0),
	('2013-04-21', 86, 3.36975, 5),
	('2013-04-22', 86, 2.918075, 4),
	('2013-04-23', 86, 1.6729, 1),
	('2013-04-24', 86, -0.6226, 7),
	('2013-04-25', 86, 0.665500000000002, 7),
	('2013-04-26', 86, 0.433450000000001, 0),
	('2013-04-27', 86, -1.0196, 8),
	('2013-04-28', 86, 0.76915, 4),
	('2013-04-29', 86, 0.940075, 10),
	('2013-04-30', 86, 1.056075, 7),
	('2013-05-01', 86, 2.66195, 0),
	('2013-05-02', 86, 0.750975, 2),
	('2013-05-03', 86, 3.0038, 0),
	('2013-05-04', 86, 0.61675, 6),
	('2013-05-05', 86, 1.080525, 2),
	('2013-05-06', 86, 1.44075, 6),
	('2013-05-07', 86, -0.763199999999999, 8),
	('2013-05-08', 86, -1.471225, 11),
	('2013-05-09', 86, -1.37955, 10),
	('2013-05-10', 86, 4.08425, 0),
	('2013-05-11', 86, 1.0867, 0),
	('2013-05-12', 86, -0.360250000000001, 8),
	('2013-05-13', 86, -3.913425, 13),
	('2013-05-14', 86, -3.058695, 12),
	('2013-05-15', 86, -3.8951, 13),
	('2013-05-16', 86, -5.83645, 15),
	('2013-05-17', 86, -5.2565, 13),
	('2013-05-19', 86, 0.836349999999999, 0),
	('2013-05-21', 86, -1.9291, 13),
	('2013-05-23', 86, -2.14903, 12),
	('2013-05-25', 86, -0.0183749999999989, 2),
	('2013-05-26', 86, 1.9475, 0),
	('2013-05-27', 86, 0.7631, 0),
	('2013-05-28', 86, 0.494475000000001, 0),
	('2013-05-29', 86, -0.4336, 2),
	('2013-05-30', 86, -1.22105, 8),
	('2013-05-31', 86, 1.428625, 0),
	('2013-06-01', 86, 1.153725, 0),
	('2013-06-02', 86, 1.23945, 1),
	('2013-06-03', 86, 1.5324, 0),
	('2013-06-04', 86, 2.661625, 0),
	('2013-06-05', 86, 1.9475, 0),
	('2013-06-06', 86, -1.24555, 10),
	('2013-06-07', 86, -1.7278, 10),
	('2013-06-08', 86, -3.778975, 13),
	('2013-06-09', 86, -6.15383, 19),
	('2013-06-10', 86, -5.4089, 14),
	('2013-06-11', 86, -6.21491, 24),
	('2013-06-12', 86, -2.9855, 17),
	('2013-06-13', 86, -2.03296, 10),
	('2013-06-14', 86, 0.292974999999998, 0),
	('2013-06-15', 86, 0.488225, 0),
	('2013-06-16', 86, -3.321225, 12),
	('2013-06-17', 86, -7.759525, 18),
	('2013-06-18', 86, -5.03054, 15),
	('2013-06-19', 86, -8.1929, 19),
	('2013-06-21', 86, -7.37485, 18),
	('2013-06-22', 86, -1.379825, 10),
	('2013-06-23', 86, -3.260075, 15),
	('2013-06-24', 86, -4.896225, 24),
	('2013-06-25', 86, -5.048825, 24),
	('2013-06-26', 86, -1.691075, 12),
	('2013-06-27', 86, 0.561425, 0),
	('2013-06-28', 86, 1.007275, 0),
	('2013-06-29', 86, -0.750925000000001, 0),
	('2013-06-30', 86, -1.587325, 11),
	('2013-07-01', 86, -4.81685, 18),
	('2013-07-02', 86, -2.3076, 10),
	('2013-07-04', 86, -3.150175, 9),
	('2013-07-05', 86, -2.069575, 2),
	('2013-07-06', 86, -3.84615, 17),
	('2013-07-07', 86, -4.542125, 20),
	('2013-07-08', 86, -0.7203, 7),
	('2013-07-09', 86, 1.800925, 0),
	('2013-07-10', 86, 3.1745, 0),
	('2013-07-11', 86, 0.891299999999999, 0),
	('2013-07-12', 86, -1.15385, 0),
	('2013-07-14', 86, 0.311349999999999, 2),
	('2013-07-17', 86, -2.704425, 11),
	('2013-07-19', 86, -6.446865, 20),
	('2013-07-20', 86, -7.53965, 18),
	('2013-07-21', 86, -7.905875, 19),
	('2013-07-22', 86, -9.70083, 20),
	('2013-07-24', 86, -4.609295, 18),
	('2013-07-25', 86, -7.234425, 19),
	('2013-07-26', 86, -0.56785, 1),
	('2013-07-27', 86, -2.33815, 10),
	('2013-07-30', 86, -0.763225, 2),
	('2013-07-31', 86, -3.235575, 15),
	('2013-08-01', 86, -3.461525, 15),
	('2013-08-02', 86, -4.377275, 13),
	('2013-08-04', 86, -1.788675, 3),
	('2013-08-05', 86, -2.954775, 8),
	('2013-08-06', 86, -1.7461, 10),
	('2013-08-09', 86, -4.725175, 17),
	('2013-08-11', 86, 0.0244250000000008, 0),
	('2013-08-13', 86, -4.725255, 16),
	('2013-08-14', 86, -3.571455, 13),
	('2013-08-16', 86, -2.161175, 9),
	('2013-08-18', 86, -3.60795, 12),
	('2013-08-21', 86, -3.345465, 11),
	('2013-08-23', 86, -6.446885, 20),
	('2013-08-26', 86, -4.78025, 13),
	('2013-08-27', 86, -0.402849999999999, 10),
	('2013-08-29', 86, -0.311425, 4),
	('2013-08-30', 86, 2.20375, 0),
	('2013-08-31', 86, 1.819375, 0),
	('2013-09-01', 86, -0.5921, 4),
	('2013-09-03', 86, 0.146474999999999, 7),
	('2013-09-05', 86, 2.92425, 0),
	('2013-09-06', 86, 4.27975, 0),
	('2013-09-07', 86, 6.0075, 0),
	('2013-09-08', 86, 6.7035, 0),
	('2013-09-17', 86, -3.90115, 11),
	('2013-09-18', 86, -2.313925, 11),
	('2013-09-19', 86, -3.46148, 10),
	('2013-09-20', 86, -0.915949999999999, 6),
	('2013-09-21', 86, -1.6607, 10),
	('2013-09-22', 86, -0.189375, 12),
	('2013-09-23', 86, 3.5042, 1),
	('2013-09-24', 86, 2.0756, 7),
	('2013-09-25', 86, -0.726489999999998, 6),
	('2013-09-26', 86, 0.329700000000001, 7),
	('2013-09-27', 86, -1.80105, 9),
	('2013-09-28', 86, -2.68635, 11),
	('2013-09-29', 86, -1.78278, 8),
	('2013-09-30', 86, -2.0513, 10),
	('2013-10-03', 86, 0.0671999999999997, 6),
	('2013-10-04', 86, 2.002475, 6),
	('2013-10-05', 86, 4.071875, 4),
	('2013-10-06', 86, 3.26005, 5),
	('2013-10-07', 86, 5.244175, 0),
	('2013-10-08', 86, 3.907125, 0),
	('2013-10-09', 86, 3.406575, 1),
	('2013-10-10', 86, 2.600775, 5),
	('2013-10-11', 86, 3.712025, 5),
	('2013-10-12', 86, 4.7679, 0),
	('2013-10-14', 86, 6.465175, 0),
	('2013-10-15', 86, 8.48575, 0),
	('2013-10-16', 86, 6.91085, 0),
	('2013-10-17', 86, 7.796125, 0),
	('2013-10-18', 86, 4.359075, 0),
	('2013-10-19', 86, 3.95, 0),
	('2013-10-20', 86, 3.4375, 0),
	('2013-10-21', 86, 3.17475, 3),
	('2013-10-22', 86, 1.7765, 0),
	('2013-10-23', 86, 1.6973, 4),
	('2013-10-24', 86, 3.492275, 2),
	('2013-10-25', 86, 3.46155, 1),
	('2013-10-26', 86, 4.9816, 2),
	('2013-10-27', 86, 5.879175, 0),
	('2013-10-28', 86, 3.69975, 0),
	('2013-10-29', 86, 3.9928, 1),
	('2013-10-30', 86, 3.49175, 0),
	('2013-10-31', 86, 2.8145, 0),
	('2013-11-01', 86, 4.24295, 4),
	('2013-11-02', 86, 6.111175, 1),
	('2013-11-03', 86, 8.3457, 0),
	('2013-11-04', 86, 8.436875, 0),
	('2013-11-05', 86, 6.23315, 3),
	('2013-11-06', 86, 4.12085, 0),
	('2013-11-07', 86, 4.590975, 0),
	('2013-11-08', 86, 4.6948, 2),
	('2013-11-09', 86, 3.3944, 0),
	('2013-11-10', 86, 4.90865, 3),
	('2013-11-11', 86, 6.0135, 0),
	('2013-11-12', 86, 7.252825, 0),
	('2013-11-13', 86, 9.1208, 0),
	('2013-11-14', 86, 4.82885, 0),
	('2013-11-15', 86, 6.642225, 0),
	('2013-11-16', 86, 10.226, 0),
	('2013-11-17', 86, 6.978075, 0),
	('2013-11-18', 86, 7.326, 0),
	('2013-11-19', 86, 7.246875, 0),
	('2013-11-20', 86, 8.27815, 0),
	('2013-11-21', 86, 10.4885, 0),
	('2013-11-22', 86, 9.3957, 0),
	('2013-11-23', 86, 8.57725, 0),
	('2013-11-24', 86, 7.80225, 0),
	('2013-11-25', 86, 6.4528, 0),
	('2013-11-26', 86, 4.6032, 0),
	('2013-11-27', 86, 4.73145, 4),
	('2013-11-28', 86, 7.216075, 0),
	('2013-11-29', 86, 9.004875, 0),
	('2013-11-30', 86, 10.177075, 0),
	('2013-12-01', 86, 9.58465, 0),
	('2013-12-03', 86, 8.95525, 0),
	('2013-12-04', 86, 8.39425, 0),
	('2013-12-05', 86, 9.27225, 0),
	('2013-12-06', 86, 8.61795, 0),
	('2013-12-07', 86, 7.871125, 0),
	('2013-12-08', 86, 4.832, 0),
	('2013-12-09', 86, 9.26175, 0),
	('2013-12-10', 86, 11.85825, 0),
	('2013-12-11', 86, 12.9365, 0),
	('2013-12-12', 86, 12.218, 0),
	('2013-12-13', 86, 11.6535, 0),
	('2013-12-14', 86, 11.996, 0),
	('2013-12-15', 86, 10.80025, 0),
	('2013-12-16', 86, 11.703, 0),
	('2013-12-17', 86, 11.78525, 0),
	('2013-12-18', 86, 10.558, 0),
	('2013-12-19', 86, 10.71075, 0),
	('2013-12-20', 86, 11.3635, 0),
	('2013-12-21', 86, 11.3035, 0),
	('2013-12-22', 86, 12.42725, 0),
	('2013-12-23', 86, 12.27575, 0),
	('2013-12-24', 86, 10.60025, 0),
	('2013-12-25', 86, 11.5485, 0),
	('2013-12-26', 86, 12.1355, 0),
	('2013-12-27', 86, 12.59875, 0),
	('2013-12-28', 86, 12.10005, 0),
	('2013-12-29', 86, 11.6475, 0),
	('2013-12-30', 86, 10.83275, 0),
	('2013-12-31', 86, 10.78025, 0),
	('2014-01-01', 86, 9.47175, 0),
	('2014-01-02', 86, 8.30225, 0),
	('2014-01-03', 86, 8.6091, 0),
	('2014-01-04', 86, 13.24775, 0),
	('2014-01-05', 86, 13.8245, 0),
	('2014-01-06', 86, 13.49425, 0),
	('2014-01-07', 86, 12.75225, 0),
	('2014-01-08', 86, 10.5975, 0),
	('2014-01-09', 86, 8.4179, 0),
	('2014-01-10', 86, 11.591, 0),
	('2014-01-11', 86, 14.00875, 0),
	('2014-01-12', 86, 13.4735, 0),
	('2014-01-13', 86, 11.58625, 0),
	('2014-01-14', 86, 13.45875, 0),
	('2014-01-15', 86, 15.21475, 0),
	('2014-01-16', 86, 12.72925, 0),
	('2014-01-17', 86, 12.9855, 0),
	('2014-01-18', 86, 13.35625, 0),
	('2014-01-19', 86, 12.295, 0),
	('2014-01-20', 86, 10.27675, 0),
	('2014-01-21', 86, 10.61175, 0),
	('2014-01-22', 86, 9.7595, 0),
	('2014-01-23', 86, 6.24375, 0),
	('2014-01-24', 86, 6.691975, 0),
	('2014-01-25', 86, 10.52105, 0),
	('2014-01-26', 86, 10.67725, 0),
	('2014-01-27', 86, 9.49525, 0),
	('2014-01-28', 86, 10.57175, 0),
	('2014-01-29', 86, 12.8375, 0),
	('2014-01-30', 86, 13.5685, 0),
	('2014-01-31', 86, 11.649, 0),
	('2014-02-01', 86, 8.94695, 0),
	('2014-02-02', 86, 7.9768, 0),
	('2014-02-03', 86, 8.650125, 0),
	('2014-02-04', 86, 8.34575, 0),
	('2014-02-06', 86, 7.253175, 0),
	('2014-02-07', 86, 7.840175, 0),
	('2014-02-08', 86, 9.554, 0),
	('2014-02-09', 86, 10.85925, 0),
	('2014-02-10', 86, 11.14875, 0),
	('2014-02-11', 86, 9.966525, 0),
	('2014-02-12', 86, 11.707, 0),
	('2014-02-14', 86, 9.66325, 0),
	('2014-02-16', 86, 9.7145, 0),
	('2014-02-17', 86, 11.73025, 0),
	('2014-02-19', 86, 10.22075, 0),
	('2014-02-22', 86, 10.47, 0),
	('2014-02-23', 86, 7.15655, 0),
	('2014-02-24', 86, 5.19945, 0),
	('2014-02-25', 86, 9.81475, 0),
	('2014-02-26', 86, 10.62, 0),
	('2014-02-27', 86, 9.58905, 0),
	('2014-02-28', 86, 7.5891, 0),
	('2014-03-01', 86, 7.8281, 0),
	('2014-03-02', 86, 8.012125, 0),
	('2014-03-03', 86, 8.62675, 0),
	('2014-03-04', 86, 8.18775, 0),
	('2014-03-05', 86, 8.54725, 0),
	('2014-03-06', 86, 7.59735, 0),
	('2014-03-07', 86, 8.4185, 0),
	('2014-03-09', 86, 8.2335, 0),
	('2014-03-10', 86, 7.8525, 0),
	('2014-03-11', 86, 7.559475, 0),
	('2014-03-13', 86, 7.91675, 0),
	('2014-03-14', 86, 7.0057, 0),
	('2014-03-15', 86, 7.9385, 0),
	('2014-03-16', 86, 7.5515, 0),
	('2014-03-17', 86, 6.612175, 0),
	('2014-03-18', 86, 6.6188, 0),
	('2014-03-19', 86, 6.90675, 0),
	('2014-03-20', 86, 7.863225, 0),
	('2014-03-21', 86, 5.1132, 0),
	('2014-03-22', 86, 6.6696, 1),
	('2014-03-23', 86, 6.50105, 1),
	('2014-03-24', 86, 8.2855, 0),
	('2014-03-25', 86, 7.43175, 0),
	('2014-03-26', 86, 5.4807, 0),
	('2014-03-27', 86, 3.36055, 0),
	('2014-03-28', 86, 3.016075, 0),
	('2014-03-29', 86, 3.438875, 0),
	('2014-03-30', 86, 0.545, 5),
	('2014-03-31', 86, 0.904250000000001, 9),
	('2014-04-01', 86, 4.101625, 2),
	('2014-04-02', 86, 4.049875, 2),
	('2014-04-03', 86, 0.2689, 0),
	('2014-04-04', 86, 3.071425, 0),
	('2014-04-05', 86, 1.0911, 8),
	('2014-04-06', 86, -0.518699999999999, 8),
	('2014-04-07', 86, 1.105925, 8),
	('2014-04-08', 86, 3.6057, 2),
	('2014-04-09', 86, 1.3429, 3),
	('2014-04-11', 86, 0.680575000000001, 4),
	('2014-04-12', 86, 2.882475, 0),
	('2014-04-13', 86, 2.372375, 5),
	('2014-04-14', 86, 3.1662, 5),
	('2014-04-16', 86, 4.53025, 0),
	('2014-04-17', 86, 0.87105, 3),
	('2014-04-18', 86, -2.625235, 10),
	('2014-04-19', 86, -0.49888, 11),
	('2014-04-20', 86, 2.6503, 6),
	('2014-04-21', 86, 2.70385, 4),
	('2014-04-22', 86, 4.7124, 0),
	('2014-04-23', 86, 1.945175, 0),
	('2014-04-24', 86, 0.362375, 10),
	('2014-04-25', 86, 0.287525, 9),
	('2014-04-26', 86, 2.888, 0),
	('2014-04-27', 86, 0.454775000000001, 7),
	('2014-04-28', 86, -2.44175, 9),
	('2014-04-29', 86, -2.727545, 11),
	('2014-04-30', 86, -2.324525, 10),
	('2014-05-01', 86, 2.70375, 0),
	('2014-05-03', 86, 6.06675, 0),
	('2014-05-04', 86, 4.3255, 0),
	('2014-05-05', 86, 3.38875, 0),
	('2014-05-06', 86, 2.93465, 0),
	('2014-05-07', 86, 4.84695, 0),
	('2014-05-08', 86, 3.269, 0),
	('2014-05-09', 86, 2.12915, 0),
	('2014-05-10', 86, 1.633825, 0),
	('2014-05-11', 86, 2.489775, 0),
	('2014-05-12', 86, 0.857200000000001, 0),
	('2014-05-13', 86, 1.9361, 0),
	('2014-05-14', 86, 3.482775, 0),
	('2014-05-15', 86, 2.314225, 0),
	('2014-05-16', 86, 1.7675, 0),
	('2014-05-17', 86, -1.7143, 9),
	('2014-05-19', 86, -0.530999999999999, 0),
	('2014-05-20', 86, -0.24755, 0),
	('2014-05-21', 86, -1.23565, 2),
	('2014-05-22', 86, -3.614925, 15),
	('2014-05-23', 86, -4.712255, 14),
	('2014-05-24', 86, -4.378525, 13),
	('2014-05-25', 86, -3.043825, 12),
	('2014-05-26', 86, -3.220525, 13),
	('2014-05-27', 86, -2.356675, 14),
	('2014-05-28', 86, -2.379215, 10),
	('2014-05-29', 86, 0.1919, 0),
	('2014-05-31', 86, -1.964625, 4),
	('2014-06-01', 86, -2.340775, 15),
	('2014-06-02', 86, -2.61995, 12),
	('2014-06-03', 86, 0.329650000000001, 0),
	('2014-06-04', 86, -1.346275, 3),
	('2014-06-05', 86, -3.036175, 9),
	('2014-06-06', 86, -5.62646, 21),
	('2014-06-07', 86, -3.1136, 11),
	('2014-06-08', 86, -1.224925, 0),
	('2014-06-09', 86, -2.46705, 7),
	('2014-06-11', 86, -1.042925, 6),
	('2014-06-12', 86, -1.934375, 10),
	('2014-06-13', 86, -5.1393, 18),
	('2014-06-14', 86, -1.008, 10),
	('2014-06-15', 86, 1.93195, 0),
	('2014-06-16', 86, -0.017475000000001, 0),
	('2014-06-18', 86, -3.3711975, 13),
	('2014-06-19', 86, -3.292185, 12),
	('2014-06-20', 86, -0.171099999999999, 0),
	('2014-06-21', 86, 0.0889749999999996, 0),
	('2014-06-22', 86, 1.0162, 0),
	('2014-06-24', 86, -3.694975, 12),
	('2014-06-25', 86, -4.060075, 19),
	('2014-06-26', 86, -6.8013325, 19),
	('2014-06-27', 86, -5.6837, 17),
	('2014-06-28', 86, -6.3717, 19),
	('2014-06-29', 86, -5.703425, 24),
	('2014-06-30', 86, -4.538025, 17),
	('2014-07-01', 86, -3.837175, 11),
	('2014-07-02', 86, -3.46605, 5),
	('2014-07-03', 86, -4.03481, 13),
	('2014-07-04', 86, -4.1699, 11),
	('2014-07-05', 86, -5.303275, 19),
	('2014-07-06', 86, -6.6111, 17),
	('2014-07-07', 86, -5.326125, 15),
	('2014-07-09', 86, -3.980675, 19),
	('2014-07-10', 86, -4.81615, 14),
	('2014-07-12', 86, -2.331175, 6),
	('2014-07-13', 86, -3.60537, 11),
	('2014-07-14', 86, 0.427050000000001, 0),
	('2014-07-15', 86, -2.6228, 6),
	('2014-07-16', 86, 0.706849999999999, 0),
	('2014-07-17', 86, 0.401425, 0),
	('2014-07-18', 86, -0.712900000000001, 6),
	('2014-07-19', 86, -2.563575, 5),
	('2014-07-20', 86, -2.3724, 11),
	('2014-07-21', 86, -0.064824999999999, 0),
	('2014-07-22', 86, -3.12095, 12),
	('2014-07-23', 86, -5.7530225, 18),
	('2014-07-24', 86, -6.56435, 16),
	('2014-07-25', 86, -1.5419, 10),
	('2014-07-26', 86, -2.61925, 6),
	('2014-07-28', 86, 1.768975, 0),
	('2014-07-30', 86, 0.876249999999999, 0),
	('2014-07-31', 86, 2.230175, 0),
	('2014-08-03', 86, -0.692674999999999, 2),
	('2014-08-04', 86, -2.939275, 12),
	('2014-08-05', 86, -3.26509, 10),
	('2014-08-06', 86, -0.571575000000001, 1),
	('2014-08-07', 86, -1.4076, 10),
	('2014-08-08', 86, -3.17615, 12),
	('2014-08-09', 86, -3.6606, 12),
	('2014-08-10', 86, -1.884475, 9),
	('2014-08-11', 86, -4.450955, 13),
	('2014-08-12', 86, -2.86645, 11),
	('2014-08-13', 86, -5.253675, 15),
	('2014-08-14', 86, -2.5083, 11),
	('2014-08-15', 86, -0.2422, 3),
	('2014-08-16', 86, -0.299075, 10),
	('2014-08-17', 86, 1.7583, 7),
	('2014-08-18', 86, 1.93325, 5),
	('2014-08-19', 86, -0.615425, 5),
	('2014-08-20', 86, 1.517, 0),
	('2014-08-21', 86, 1.36715, 0),
	('2014-08-23', 86, -0.387625, 0),
	('2014-08-24', 86, -0.946925, 1),
	('2014-08-25', 86, -2.938575, 11),
	('2014-08-26', 86, -0.524849999999999, 10),
	('2014-08-27', 86, -0.927824999999999, 1),
	('2014-08-28', 86, -1.162825, 11),
	('2014-08-29', 86, 0.1579, 0),
	('2014-08-30', 86, 1.71965, 0),
	('2014-08-31', 86, 0.928925, 0),
	('2014-09-01', 86, 2.27475, 0),
	('2014-09-02', 86, 0.175924999999999, 0),
	('2014-09-04', 86, 1.3424, 0),
	('2014-09-05', 86, 1.2379, 0),
	('2014-09-06', 86, 2.072975, 0),
	('2014-09-08', 86, 0.254350000000001, 3),
	('2014-09-10', 86, -1.4771, 9),
	('2014-09-11', 86, -1.2884, 10),
	('2014-09-12', 86, -1.2763, 9),
	('2014-09-13', 86, -0.168099999999999, 6),
	('2014-09-14', 86, 1.6816, 5),
	('2014-09-15', 86, 3.7294, 1),
	('2014-09-16', 86, 1.368, 4),
	('2014-09-17', 86, 3.16305, 0),
	('2014-09-18', 86, 2.673, 0),
	('2014-09-19', 86, 3.95055, 0),
	('2014-09-20', 86, 2.88055, 0),
	('2014-09-21', 86, 2.43925, 0),
	('2014-09-23', 86, 0.0250750000000011, 7),
	('2014-09-24', 86, 0.819599999999999, 0),
	('2014-09-25', 86, 1.149325, 0),
	('2014-09-26', 86, -0.148300000000001, 7),
	('2014-09-27', 86, 2.02295, 0),
	('2014-09-28', 86, 5.083, 0),
	('2014-09-29', 86, 4.11975, 0),
	('2014-10-01', 86, 2.939675, 5),
	('2014-10-02', 86, 3.9558, 1),
	('2014-10-04', 86, 2.975825, 0),
	('2014-10-05', 86, 3.723025, 0),
	('2014-10-06', 86, 3.98845, 1),
	('2014-10-08', 86, 2.124025, 0),
	('2014-10-09', 86, 0.899100000000001, 2),
	('2014-10-10', 86, 1.21665, 7),
	('2014-10-11', 86, 2.315125, 6),
	('2014-10-12', 86, 3.187425, 6),
	('2014-10-13', 86, 4.822, 2),
	('2014-10-14', 86, 5.68815, 3),
	('2014-10-15', 86, 3.0643, 4),
	('2014-10-16', 86, 3.4584, 4),
	('2014-10-17', 86, 2.63425, 0),
	('2014-10-18', 86, 6.38725, 0),
	('2014-10-19', 86, 4.0639, 2),
	('2014-10-20', 86, 6.9783, 0),
	('2014-10-21', 86, 10.51, 0),
	('2014-10-27', 86, 7.97725, 0),
	('2014-10-28', 86, 7.33825, 0),
	('2014-10-29', 86, 3.99225, 0),
	('2014-10-30', 86, 3.01005, 4),
	('2014-10-31', 86, 3.308225, 1),
	('2014-11-01', 86, 3.8975, 1),
	('2014-11-02', 86, 2.00765, 5),
	('2014-11-03', 86, 2.89065, 7),
	('2014-11-04', 86, 4.649675, 3),
	('2014-11-05', 86, 3.630925, 4),
	('2014-11-06', 86, 5.045625, 5),
	('2014-11-07', 86, 6.791275, 0),
	('2014-11-08', 86, 8.8245, 0),
	('2014-11-09', 86, 9.03825, 0),
	('2014-11-10', 86, 7.30185, 0),
	('2014-11-11', 86, 8.896, 0),
	('2014-11-12', 86, 6.839025, 0),
	('2014-11-13', 86, 8.2068, 0),
	('2014-11-14', 86, 10.43925, 0),
	('2014-11-15', 86, 10.005, 0),
	('2014-11-16', 86, 11.8255, 0),
	('2014-11-17', 86, 9.172, 0),
	('2014-11-18', 86, 5.8415, 0),
	('2014-11-19', 86, 7.73425, 0),
	('2014-11-20', 86, 6.79095, 0),
	('2014-11-21', 86, 7.84815, 0),
	('2014-11-22', 86, 8.588975, 0),
	('2014-11-23', 86, 5.78625, 0),
	('2014-11-25', 86, 7.240175, 0),
	('2014-11-26', 86, 8.5645, 1),
	('2014-11-27', 86, 7.78655, 0),
	('2014-11-28', 86, 6.080775, 0),
	('2014-11-29', 86, 3.29225, 0),
	('2014-11-30', 86, 6.007225, 0),
	('2014-12-01', 86, 10.14625, 0),
	('2014-12-02', 86, 12.0745, 0),
	('2014-12-03', 86, 11.8895, 0),
	('2014-12-05', 86, 4.683, 0),
	('2014-12-06', 86, 7.64575, 0),
	('2014-12-07', 86, 10.2975, 0),
	('2014-12-08', 86, 12.89975, 0),
	('2014-12-09', 86, 9.9525, 0),
	('2014-12-10', 86, 8.679, 0),
	('2014-12-11', 86, 10.241, 0),
	('2014-12-12', 86, 9.573375, 0),
	('2014-12-13', 86, 10.66075, 0),
	('2014-12-14', 86, 8.27725, 0),
	('2014-12-15', 86, 7.868525, 0),
	('2014-12-16', 86, 8.629675, 0),
	('2014-12-17', 86, 10.2384, 0),
	('2014-12-19', 86, 7.91025, 0),
	('2014-12-20', 86, 4.02125, 0),
	('2014-12-21', 86, 5.40475, 0),
	('2014-12-22', 86, 6.885375, 0),
	('2014-12-24', 86, 11.4565, 0),
	('2014-12-26', 86, 11.749325, 0),
	('2014-12-27', 86, 11.63075, 0),
	('2014-12-28', 86, 10.922, 0),
	('2015-01-01', 86, 8.20745, 0),
	('2015-01-03', 86, 12.548, 0),
	('2015-01-05', 86, 11.342, 0),
	('2015-01-06', 86, 10.834, 0),
	('2015-01-07', 86, 11.18025, 0),
	('2015-01-08', 86, 12.10725, 0),
	('2015-01-09', 86, 13.07775, 0),
	('2015-01-10', 86, 12.94675, 0),
	('2015-01-11', 86, 12.57475, 0),
	('2015-01-12', 86, 11.21875, 0),
	('2015-01-13', 86, 11.819, 0),
	('2015-01-14', 86, 13.2845, 0),
	('2015-01-15', 86, 12.6075, 0),
	('2015-01-17', 86, 13.64025, 0),
	('2015-01-18', 86, 10.72325, 0),
	('2015-01-20', 86, 9.764, 0),
	('2015-01-21', 86, 9.37825, 0),
	('2015-01-22', 86, 10.6655, 0),
	('2015-01-23', 86, 12.415, 0),
	('2015-01-24', 86, 13.666, 0),
	('2015-01-25', 86, 13.53675, 0),
	('2015-01-26', 86, 13.184, 0),
	('2015-01-27', 86, 12.614, 0),
	('2015-01-29', 86, 11.55275, 0),
	('2015-01-30', 86, 11.6445, 0),
	('2015-01-31', 86, 11.582625, 0),
	('2015-02-03', 86, 11.51725, 0),
	('2015-02-04', 86, 12.375, 0),
	('2015-02-05', 86, 11.925, 0),
	('2015-02-06', 86, 11.47425, 0),
	('2015-02-07', 86, 12.4615, 0),
	('2015-02-08', 86, 10.7015, 0),
	('2015-02-10', 86, 10.00825, 0),
	('2015-02-14', 86, 11.74625, 0),
	('2015-02-15', 86, 10.633, 0),
	('2015-02-17', 86, 10.668, 0),
	('2015-02-20', 86, 9.0185, 0),
	('2015-02-22', 86, 10.032, 0),
	('2015-02-23', 86, 10.62825, 0),
	('2015-02-25', 86, 10.25, 0),
	('2015-02-26', 86, 7.34475, 0),
	('2015-02-27', 86, 9.40475, 0),
	('2015-03-01', 86, 9.42025, 0),
	('2015-03-03', 86, 9.2145, 0),
	('2015-03-04', 86, 9.44225, 0),
	('2015-03-06', 86, 8.962, 0),
	('2015-03-08', 86, 12.22525, 0),
	('2015-03-11', 86, 12.64875, 0),
	('2015-03-14', 86, 7.5714, 0),
	('2015-03-15', 86, 6.983675, 2),
	('2015-03-16', 86, 8.18415, 2),
	('2015-03-17', 86, 9.1925, 0),
	('2015-03-18', 86, 9.80025, 0),
	('2015-03-19', 86, 8.6216, 0),
	('2015-03-20', 86, 10.17525, 0),
	('2015-03-21', 86, 9.96625, 0),
	('2015-03-22', 86, 8.07775, 0),
	('2015-03-23', 86, 8.56475, 0),
	('2015-03-24', 86, 8.734, 0),
	('2015-03-25', 86, 10.28475, 0),
	('2015-03-26', 86, 9.97925, 0),
	('2015-03-27', 86, 8.924, 0),
	('2015-03-28', 86, 7.9947, 0),
	('2015-03-29', 86, 6.1425, 0),
	('2015-03-30', 86, 5.39325, 0),
	('2015-04-01', 86, 3.378925, 4),
	('2015-04-02', 86, 6.284525, 0),
	('2015-04-03', 86, 7.151, 0),
	('2015-04-04', 86, 6.077825, 0),
	('2015-04-05', 86, 7.30295, 0),
	('2015-04-06', 86, 6.5564, 0),
	('2015-04-07', 86, 6.43475, 0),
	('2015-04-08', 86, 6.27975, 0),
	('2015-04-09', 86, 5.463025, 0),
	('2015-04-10', 86, 6.470325, 0),
	('2015-04-11', 86, 5.836975, 0),
	('2015-04-12', 86, 5.03865, 1),
	('2015-04-14', 86, 6.2955, 0),
	('2015-04-15', 86, 1.7651, 4),
	('2015-04-16', 86, 3.498, 0),
	('2015-04-17', 86, 0.419425, 5),
	('2015-04-18', 86, 1.444575, 9),
	('2015-04-19', 86, 3.9035, 0),
	('2015-04-20', 86, 2.68365, 0),
	('2015-04-21', 86, 2.101475, 4),
	('2015-04-22', 86, 0.237575, 4),
	('2015-04-24', 86, 2.785025, 0),
	('2015-04-25', 86, 2.522225, 6),
	('2015-04-27', 86, 1.8998, 1),
	('2015-04-28', 86, 1.853575, 2),
	('2015-04-29', 86, 2.34955, 4),
	('2015-04-30', 86, 0.483225000000001, 0),
	('2015-05-01', 86, 0.581149999999999, 7),
	('2015-05-02', 86, 0.271025, 2),
	('2015-05-03', 86, -2.9438575, 9),
	('2015-05-04', 86, -2.1606725, 10),
	('2015-05-05', 86, -2.636425, 11),
	('2015-05-07', 86, -0.145375, 11),
	('2015-05-08', 86, 3.0251, 0),
	('2015-05-09', 86, 3.6705, 0),
	('2015-05-10', 86, 0.621375, 3),
	('2015-05-11', 86, 2.20965, 5),
	('2015-05-12', 86, 0.845675, 8),
	('2015-05-13', 86, 3.6623, 0),
	('2015-05-14', 86, -0.819400000000002, 8),
	('2015-05-15', 86, 0.885899999999999, 2),
	('2015-05-16', 86, 1.5581, 9),
	('2015-05-17', 86, 0.8255, 5),
	('2015-05-18', 86, 1.044275, 6),
	('2015-05-19', 86, 1.5947, 7),
	('2015-05-20', 86, 3.9205, 0),
	('2015-05-21', 86, 2.7885, 0),
	('2015-05-22', 86, -0.476125, 2),
	('2015-05-23', 86, -2.90182, 12),
	('2015-05-24', 86, -5.58794, 15),
	('2015-05-26', 86, -6.466725, 18),
	('2015-05-27', 86, -7.3361725, 24),
	('2015-05-28', 86, -5.87893, 18),
	('2015-05-29', 86, 0.258649999999999, 4),
	('2015-05-30', 86, -1.651925, 6),
	('2015-05-31', 86, -1.510625, 12),
	('2015-06-01', 86, 0.0282499999999999, 0),
	('2015-06-02', 86, 0.7676, 5),
	('2015-06-03', 86, 0.96735, 0),
	('2015-06-04', 86, 2.315925, 0),
	('2015-06-05', 86, 4.7345, 0),
	('2015-06-07', 86, 0.0348250000000014, 4),
	('2015-06-08', 86, -1.1897, 8),
	('2015-06-09', 86, -0.193375, 0),
	('2015-06-10', 86, -3.643825, 10),
	('2015-06-11', 86, -4.53777, 14),
	('2015-06-12', 86, -5.410475, 24),
	('2015-06-13', 86, -4.0439, 16),
	('2015-06-14', 86, -2.917475, 12),
	('2015-06-15', 86, -4.940525, 12),
	('2015-06-16', 86, -4.350675, 14),
	('2015-06-17', 86, -5.2715175, 18),
	('2015-06-18', 86, -6.959255, 20),
	('2015-06-19', 86, -5.3487, 12),
	('2015-06-21', 86, -2.742025, 13),
	('2015-06-22', 86, -4.44845, 18),
	('2015-06-23', 86, -4.96687325, 17),
	('2015-06-24', 86, 1.5292, 4),
	('2015-06-25', 86, -0.27285, 6),
	('2015-06-26', 86, -1.44805, 10),
	('2015-06-27', 86, 1.5546, 0),
	('2015-06-28', 86, -5.6958025, 15),
	('2015-06-29', 86, -5.32548, 14),
	('2015-06-30', 86, -2.837475, 16),
	('2015-07-01', 86, -4.0631, 16),
	('2015-07-02', 86, -3.546125, 16),
	('2015-07-03', 86, -6.88745, 20),
	('2015-07-04', 86, -5.66645, 13),
	('2015-07-06', 86, -3.98635, 17),
	('2015-07-07', 86, -5.103075, 16),
	('2015-07-08', 86, -1.5442, 5),
	('2015-07-10', 86, -1.1513, 0),
	('2015-07-11', 86, 0.165775, 0),
	('2015-07-12', 86, 1.240925, 0),
	('2015-07-13', 86, -1.3793, 0),
	('2015-07-15', 86, -3.33175, 12),
	('2015-07-16', 86, -0.405925, 9),
	('2015-07-17', 86, -1.50465, 9),
	('2015-07-18', 86, -1.10545, 2),
	('2015-07-19', 86, -4.844825, 14),
	('2015-07-20', 86, -7.328, 18),
	('2015-07-21', 86, -5.109025, 15),
	('2015-07-25', 86, 0.2662, 0),
	('2015-07-26', 86, -1.32715, 8),
	('2015-07-29', 86, -2.679775, 14),
	('2015-07-30', 86, -2.21145, 10),
	('2015-07-31', 86, -2.4987, 6),
	('2015-08-02', 86, 0.41245, 0),
	('2015-08-04', 86, 0.205950000000001, 1),
	('2015-08-05', 86, 2.55575, 0),
	('2015-08-07', 86, 1.022475, 0),
	('2015-08-09', 86, 0.416974999999999, 0),
	('2015-08-12', 86, -5.0979995, 16),
	('2015-08-13', 86, -3.610645, 16),
	('2015-08-14', 86, -3.168875, 11),
	('2015-08-16', 86, -3.29375, 16),
	('2015-08-17', 86, -4.22511, 13),
	('2015-08-18', 86, -1.194285, 12),
	('2015-08-19', 86, -0.535475000000002, 3),
	('2015-08-21', 86, 1.290925, 0),
	('2015-08-22', 86, -0.826749999999999, 4),
	('2015-08-24', 86, 1.515825, 7),
	('2015-08-25', 86, 1.86375, 0),
	('2015-08-26', 86, 3.424875, 0),
	('2015-08-27', 86, -0.384525, 4),
	('2015-08-28', 86, 3.164425, 0),
	('2015-08-29', 86, 5.946, 0),
	('2015-08-30', 86, 4.348625, 0),
	('2015-08-31', 86, 3.1787, 0),
	('2015-09-01', 86, 3.67825, 0),
	('2015-09-02', 86, 1.55555, 1),
	('2015-09-03', 86, 0.592575, 9),
	('2015-09-04', 86, 0.651299999999999, 7),
	('2015-09-05', 86, 0.0747999999999998, 9),
	('2015-09-07', 86, 2.5065, 0),
	('2015-09-08', 86, -0.5069, 0),
	('2015-09-09', 86, -1.557275, 1),
	('2015-09-10', 86, -3.9986, 13),
	('2015-09-11', 86, -2.48895, 11),
	('2015-09-14', 86, 1.1181, 5),
	('2015-09-15', 86, 0.63655, 0),
	('2015-09-16', 86, 0.152200000000001, 5),
	('2015-09-18', 86, -1.294825, 9),
	('2015-09-19', 86, -1.27295, 9),
	('2015-09-21', 86, 1.8212, 0),
	('2015-09-24', 86, -0.434775, 0),
	('2015-09-26', 86, 1.65685, 1),
	('2015-09-27', 86, -0.0212249999999994, 1),
	('2015-09-28', 86, 4.269475, 0),
	('2015-09-29', 86, 3.8182, 0),
	('2015-09-30', 86, 4.1865, 0),
	('2015-10-01', 86, 3.93625, 0),
	('2015-10-02', 86, 2.5028, 2),
	('2015-10-05', 86, 0.6386, 5),
	('2015-10-07', 86, -0.3552, 7),
	('2015-10-10', 86, 1.917725, 6),
	('2015-10-11', 86, 2.7534, 9),
	('2015-10-13', 86, 1.348875, 0),
	('2015-10-15', 86, 0.9765, 4),
	('2015-10-16', 86, 1.7712, 5),
	('2015-10-18', 86, 5.926575, 0),
	('2015-10-19', 86, 3.5505, 0),
	('2015-10-20', 86, 1.6624, 7),
	('2015-10-22', 86, 4.37395, 5),
	('2015-10-23', 86, 3.3379, 3),
	('2015-10-24', 86, 3.72285, 0),
	('2015-10-25', 86, 6.34425, 0),
	('2015-10-26', 86, 5.73985, 0),
	('2015-10-27', 86, 6.15825, 0),
	('2015-10-31', 86, 4.29735, 2),
	('2015-11-01', 86, 5.15475, 2),
	('2015-11-02', 86, 1.6833, 0),
	('2015-11-03', 86, 6.40325, 0),
	('2015-11-04', 86, 5.89075, 0),
	('2015-11-05', 86, 8.00025, 0),
	('2015-11-07', 86, 4.9765, 0),
	('2015-11-08', 86, 5.6415, 0),
	('2015-11-11', 86, 8.194, 0),
	('2015-11-12', 86, 8.26825, 0),
	('2015-11-13', 86, 8.40375, 0),
	('2015-11-15', 86, 6.849475, 0),
	('2015-11-17', 86, 6.028625, 0),
	('2015-11-22', 86, 7.295575, 0),
	('2015-11-24', 86, 4.69405, 1),
	('2015-11-25', 86, 6.48045, 0),
	('2015-11-26', 86, 5.658225, 2),
	('2015-11-28', 86, 7.948, 0),
	('2015-11-30', 86, 11.2525, 0),
	('2015-12-03', 86, 7.651025, 0),
	('2015-12-07', 86, 10.7295, 0),
	('2015-12-08', 86, 9.7045, 0),
	('2015-12-11', 86, 11.0615, 0),
	('2015-12-12', 86, 8.351675, 0),
	('2015-12-13', 86, 5.012025, 0),
	('2015-12-14', 86, 7.9346, 0),
	('2015-12-16', 86, 7.645, 0),
	('2015-12-17', 86, 7.684, 0),
	('2015-12-21', 86, 7.44425, 0),
	('2015-12-22', 86, 6.7935, 0),
	('2015-12-25', 86, 11.96145, 0),
	('2015-12-26', 86, 12.503275, 0),
	('2015-12-27', 86, 12.816, 0),
	('2015-12-28', 86, 13.1035, 0),
	('2015-12-30', 86, 12.16, 0),
	('2015-12-31', 86, 11.5835, 0),
	('2016-01-01', 86, 11.495, 0),
	('2016-01-02', 86, 10.65575, 0),
	('2016-01-03', 86, 11.487, 0),
	('2016-01-04', 86, 14.032, 0),
	('2016-01-06', 86, 12.58375, 0),
	('2016-01-07', 86, 10.17375, 0),
	('2016-01-08', 86, 11.97275, 0),
	('2016-01-09', 86, 12.517, 0),
	('2016-01-10', 86, 12.26, 0),
	('2016-01-12', 86, 10.9915, 0),
	('2016-01-15', 86, 11.26075, 0),
	('2016-01-16', 86, 12.00475, 0),
	('2016-01-17', 86, 13.0475, 0),
	('2016-01-18', 86, 13.39625, 0),
	('2016-01-19', 86, 11.29675, 0),
	('2016-01-20', 86, 13.7445, 0),
	('2016-01-22', 86, 12.18075, 0),
	('2016-01-24', 86, 10.509, 0),
	('2016-01-26', 86, 8.4545, 0),
	('2016-01-27', 86, 8.9885, 0),
	('2016-01-29', 86, 10.80625, 0),
	('2016-01-31', 86, 13.65525, 0),
	('2016-02-02', 86, 10.55475, 0),
	('2016-02-04', 86, 11.7685, 0),
	('2016-02-08', 86, 10.4905, 0),
	('2016-02-10', 86, 10.7695, 0),
	('2016-02-12', 86, 8.84075, 0),
	('2016-02-13', 86, 9.649, 0),
	('2016-02-15', 86, 12.87375, 0),
	('2016-02-17', 86, 8.7059, 0),
	('2016-02-19', 86, 10.44525, 0),
	('2016-02-20', 86, 10.660975, 0),
	('2016-02-22', 86, 10.82925, 0),
	('2016-02-23', 86, 14.44575, 0),
	('2016-02-25', 86, 8.299, 0),
	('2016-02-26', 86, 7.80835, 0),
	('2016-03-01', 86, 10.464275, 0),
	('2016-03-02', 86, 9.92735, 0),
	('2016-03-05', 86, 8.69875, 0),
	('2016-03-06', 86, 6.4405, 0),
	('2016-03-08', 86, 8.09165, 0),
	('2016-03-10', 86, 9.7068, 0),
	('2016-03-11', 86, 9.0771, 0),
	('2016-03-13', 86, 7.5135, 0),
	('2016-03-14', 86, 8.176175, 0),
	('2016-03-15', 86, 8.419875, 0),
	('2016-03-16', 86, 6.37965, 0),
	('2016-03-17', 86, 6.3565, 0),
	('2016-03-18', 86, 4.9583, 0),
	('2016-03-19', 86, 6.86045, 1),
	('2016-03-20', 86, 6.647625, 2),
	('2016-03-21', 86, 5.912575, 1),
	('2016-03-22', 86, 6.7805, 0),
	('2016-03-23', 86, 6.9043, 0),
	('2016-03-24', 86, 7.80525, 0),
	('2016-03-25', 86, 6.6925, 0),
	('2016-03-26', 86, 5.163725, 0),
	('2016-03-27', 86, 5.223775, 0),
	('2016-03-28', 86, 6.18345, 0),
	('2016-03-29', 86, 4.450725, 0),
	('2016-03-30', 86, 8.135, 0),
	('2016-03-31', 86, 6.38175, 0),
	('2016-04-01', 86, 4.7015, 0),
	('2016-04-02', 86, 3.791675, 0),
	('2016-04-03', 86, 3.553375, 0),
	('2016-04-04', 86, 3.440525, 0),
	('2016-04-05', 86, 1.84335, 5),
	('2016-04-06', 86, 3.99785, 0),
	('2016-04-07', 86, 4.002, 0),
	('2016-04-08', 86, 2.17075, 2),
	('2016-04-09', 86, 2.210725, 4),
	('2016-04-11', 86, 4.62095, 0),
	('2016-04-12', 86, 4.69275, 0),
	('2016-04-13', 86, 5.5695, 0),
	('2016-04-14', 86, 3.272, 0),
	('2016-04-15', 86, 5.7545, 0),
	('2016-04-16', 86, 3.87275, 0),
	('2016-04-17', 86, 1.165025, 0),
	('2016-04-19', 86, 3.928, 0),
	('2016-04-20', 86, 3.4137, 0),
	('2016-04-21', 86, 4.87675, 0),
	('2016-04-22', 86, 3.11475, 0),
	('2016-04-23', 86, 2.64275, 0),
	('2016-04-26', 86, -1.612475, 10),
	('2016-04-27', 86, 0.2865, 10),
	('2016-04-28', 86, 3.37525, 0),
	('2016-05-04', 86, 3.101525, 0),
	('2016-05-05', 86, 3.92225, 0),
	('2016-05-06', 86, 2.06375, 0),
	('2016-05-07', 86, 1.31845, 1),
	('2016-05-08', 86, 0.9781, 0),
	('2016-05-09', 86, 1.297425, 0),
	('2016-05-10', 86, 2.968575, 0),
	('2016-05-11', 86, 3.011, 0),
	('2016-05-12', 86, 1.306475, 3),
	('2016-05-13', 86, 1.779925, 0),
	('2016-05-15', 86, 3.242, 0),
	('2016-05-16', 86, 0.6424, 1),
	('2016-05-17', 86, 2.29035, 0),
	('2016-05-18', 86, 0.597100000000001, 1),
	('2016-05-19', 86, 3.41375, 0),
	('2016-05-20', 86, 1.531575, 0),
	('2016-05-21', 86, 1.9677, 0),
	('2016-05-22', 86, -1.102775, 3),
	('2016-05-23', 86, 1.516725, 2),
	('2016-05-24', 86, 1.371475, 7),
	('2016-05-25', 86, 3.2564, 0),
	('2016-05-26', 86, 1.391375, 0),
	('2016-06-01', 86, -0.935500000000001, 2),
	('2016-06-02', 86, -3.76885, 12),
	('2016-06-03', 86, -1.086175, 1),
	('2016-06-04', 86, -1.8982, 6),
	('2016-06-05', 86, -5.922407, 21),
	('2016-06-06', 86, -6.2996825, 20),
	('2016-06-07', 86, -2.9632175, 11),
	('2016-06-08', 86, -1.311, 9),
	('2016-06-09', 86, -4.3834175, 17),
	('2016-06-10', 86, -5.77366, 23),
	('2016-06-11', 86, -7.4605125, 24),
	('2016-06-12', 86, -3.9189, 11),
	('2016-06-13', 86, -2.60425, 12),
	('2016-06-14', 86, -2.1313, 1),
	('2016-06-15', 86, -5.1114575, 11),
	('2016-06-16', 86, -3.888405, 17),
	('2016-06-17', 86, -5.8850075, 19),
	('2016-06-18', 86, -7.542525, 21),
	('2016-06-19', 86, -3.544675, 14),
	('2016-06-20', 86, -1.1261, 0),
	('2016-06-21', 86, -4.456775, 22),
	('2016-06-22', 86, -4.716175, 21),
	('2016-06-23', 86, -3.667125, 13),
	('2016-06-24', 86, -4.9469525, 7),
	('2016-06-25', 86, -6.326435, 17),
	('2016-06-26', 86, -5.41347625, 19),
	('2016-06-27', 86, -5.027025, 19),
	('2016-06-28', 86, -4.80312475, 18),
	('2016-06-29', 86, -1.30415, 1),
	('2016-06-30', 86, -2.757325, 16),
	('2016-07-01', 86, -4.6872, 24),
	('2016-07-02', 86, -4.0928, 16),
	('2016-07-03', 86, -1.092225, 11),
	('2016-07-04', 86, -4.26755, 16),
	('2016-07-05', 86, -8.07239, 24),
	('2016-07-06', 86, -7.469645, 24),
	('2016-07-07', 86, -4.1214475, 17),
	('2016-07-08', 86, -5.1327225, 11),
	('2016-07-09', 86, -1.018275, 11),
	('2016-07-10', 86, -1.141075, 6),
	('2016-07-11', 86, -0.7485, 2),
	('2016-07-12', 86, -4.040275, 13),
	('2016-07-13', 86, 1.198975, 0),
	('2016-07-14', 86, -1.0582, 3),
	('2016-07-15', 86, -5.934675, 17),
	('2016-07-16', 86, -4.648293525, 12),
	('2016-07-17', 86, -2.1022, 10),
	('2016-07-18', 86, -4.417925, 15),
	('2016-07-19', 86, -0.696275, 5),
	('2016-07-20', 86, -0.0314499999999995, 1),
	('2016-07-21', 86, -0.7957, 2),
	('2016-07-22', 86, 1.483575, 1),
	('2016-07-23', 86, 2.0415, 0),
	('2016-07-24', 86, 2.2465, 0),
	('2016-07-25', 86, -1.119575, 2),
	('2016-07-26', 86, -4.090875, 15),
	('2016-07-30', 86, -0.920075000000001, 6),
	('2016-07-31', 86, -0.0139750000000003, 5),
	('2016-08-01', 86, -1.4939, 11),
	('2016-08-02', 86, -1.834575, 8),
	('2016-08-03', 86, -1.138325, 10),
	('2016-08-04', 86, -0.7919, 2),
	('2016-08-05', 86, -0.488575000000001, 3),
	('2016-08-06', 86, -2.6057275, 10),
	('2016-08-07', 86, 2.643925, 0),
	('2016-08-08', 86, 0.825175000000002, 0),
	('2016-08-09', 86, -0.927825, 12),
	('2016-08-10', 86, -1.443325, 9),
	('2016-08-11', 86, 0.3223, 1),
	('2016-08-12', 86, -0.0920249999999996, 6),
	('2016-08-14', 86, 3.68475, 0),
	('2016-08-15', 86, 4.22375, 0),
	('2016-08-16', 86, 1.635625, 2),
	('2016-08-17', 86, -2.539, 11),
	('2016-08-18', 86, -0.65845, 8),
	('2016-08-19', 86, -2.10565, 12),
	('2016-08-20', 86, -1.579425, 10),
	('2016-08-21', 86, 1.197525, 9),
	('2016-08-22', 86, 1.3562, 5),
	('2016-08-23', 86, -1.4932, 8),
	('2016-08-24', 86, 2.153525, 0),
	('2016-08-25', 86, 1.68775, 6),
	('2016-08-26', 86, -0.484825000000001, 0),
	('2016-08-27', 86, -2.8806, 14),
	('2016-08-28', 86, -2.526225, 13),
	('2016-08-29', 86, -1.4477225, 11),
	('2016-08-30', 86, 0.434175, 8),
	('2016-08-31', 86, -0.893000000000001, 4),
	('2016-09-01', 86, -3.5596125, 13),
	('2016-09-02', 86, -3.059825, 13),
	('2016-09-03', 86, -1.795625, 12),
	('2016-09-04', 86, 0.42465, 10),
	('2016-09-06', 86, -0.168455, 8),
	('2016-09-07', 86, 0.7698, 8),
	('2016-09-08', 86, 2.98355, 6),
	('2016-09-09', 86, 4.033425, 0),
	('2016-09-10', 86, 4.049375, 0),
	('2016-09-11', 86, 4.48875, 0),
	('2016-09-12', 86, 1.3055, 0),
	('2016-09-13', 86, 1.7471, 2),
	('2016-09-14', 86, 0.556975, 8),
	('2016-09-15', 86, 3.0984, 0),
	('2016-09-16', 86, 2.869475, 0),
	('2016-09-17', 86, 3.8105, 0),
	('2016-09-18', 86, 3.07775, 1),
	('2016-09-19', 86, 5.6054, 6),
	('2016-09-20', 86, 5.363825, 2),
	('2016-09-21', 86, 3.96925, 0),
	('2016-09-23', 86, 5.22155, 3),
	('2016-09-25', 86, 1.764225, 0),
	('2016-09-26', 86, 3.4158, 0),
	('2016-09-27', 86, 4.862375, 5),
	('2016-09-28', 86, 2.641175, 1),
	('2016-09-29', 86, 4.49375, 0),
	('2016-09-30', 86, 4.655075, 2),
	('2016-10-01', 86, 2.77815, 0),
	('2016-10-02', 86, 3.607525, 3),
	('2016-10-03', 86, 5.0994, 3),
	('2016-10-04', 86, 4.36975, 0),
	('2016-10-05', 86, 4.44095, 1),
	('2016-10-06', 86, 4.572525, 1),
	('2016-10-07', 86, 2.167625, 4),
	('2016-10-08', 86, 3.669275, 8),
	('2016-10-09', 86, 3.984425, 5),
	('2016-10-10', 86, 6.29615, 0),
	('2016-10-11', 86, 4.77415, 0),
	('2016-10-12', 86, 2.20485, 0),
	('2016-10-13', 86, 5.6755, 0),
	('2016-10-14', 86, 6.32725, 0),
	('2016-10-15', 86, 4.4175, 0),
	('2016-10-16', 86, 2.0772, 0),
	('2016-10-18', 86, 0.759925000000001, 2),
	('2016-10-19', 86, 0.580225, 10),
	('2016-10-20', 86, 4.4373, 4),
	('2016-10-21', 86, 5.427, 2),
	('2016-10-22', 86, 3.578975, 0),
	('2016-10-23', 86, 2.552325, 0),
	('2016-10-24', 86, 3.15465, 0),
	('2016-10-25', 86, 5.2904, 0),
	('2016-10-26', 86, 8.384, 0),
	('2016-10-27', 86, 10.024525, 0),
	('2016-10-28', 86, 5.99195, 0),
	('2016-10-29', 86, 8.58475, 0),
	('2016-10-30', 86, 7.8145, 0),
	('2016-10-31', 86, 2.424875, 2),
	('2016-11-01', 86, -0.201275000000001, 9),
	('2016-11-02', 86, 4.436375, 0),
	('2016-11-03', 86, 8.91875, 0),
	('2016-11-09', 86, 7.7103, 0),
	('2016-11-10', 86, 6.58015, 0),
	('2016-11-11', 86, 6.937175, 0),
	('2016-11-12', 86, 7.035, 0),
	('2016-11-13', 86, 6.33355, 1),
	('2016-11-14', 86, 5.412425, 2),
	('2016-11-15', 86, 7.759125, 0),
	('2016-11-16', 86, 5.5706, 0),
	('2016-11-17', 86, 9.665975, 0),
	('2016-11-18', 86, 9.6546, 0),
	('2016-11-20', 86, 7.38075, 0),
	('2016-11-21', 86, 8.3707, 0),
	('2016-11-22', 86, 8.09355, 0),
	('2016-11-23', 86, 7.72525, 0),
	('2016-11-24', 86, 11.27375, 0),
	('2016-11-25', 86, 5.99675, 0),
	('2016-11-26', 86, 8.344, 0),
	('2016-11-27', 86, 6.432425, 0),
	('2016-11-28', 86, 9.6495, 0),
	('2016-11-29', 86, 12.798, 0),
	('2016-11-30', 86, 9.4825, 0),
	('2016-12-01', 86, 10.02925, 0),
	('2016-12-02', 86, 12, 0),
	('2016-12-03', 86, 9.179, 0),
	('2016-12-04', 86, 5.5015, 0),
	('2016-12-05', 86, 6.424875, 0),
	('2016-12-06', 86, 7.85075, 0),
	('2016-12-07', 86, 9.272, 0),
	('2016-12-08', 86, 9.58775, 0),
	('2016-12-09', 86, 9.2505, 0),
	('2016-12-11', 86, 12.257, 0),
	('2016-12-12', 86, 9.53675, 0),
	('2016-12-13', 86, 8.6265, 0),
	('2016-12-14', 86, 11.8735, 0),
	('2016-12-15', 86, 11.0815, 0),
	('2016-12-17', 86, 10.021, 0),
	('2016-12-18', 86, 11.487, 0),
	('2016-12-19', 86, 11.452, 0),
	('2016-12-20', 86, 9.37585, 0),
	('2016-12-21', 86, 8.705, 0),
	('2016-12-23', 86, 9.89, 0),
	('2016-12-24', 86, 7.69305, 0),
	('2016-12-25', 86, 4.94375, 0),
	('2016-12-26', 86, 7.324, 0),
	('2016-12-27', 86, 10.649, 0),
	('2016-12-28', 86, 12.40475, 0),
	('2016-12-29', 86, 9.208, 0),
	('2016-12-30', 86, 9.3515, 0),
	('2016-12-31', 86, 9.8335, 0),
	('2017-01-01', 86, 11.25625, 0),
	('2017-01-02', 86, 9.836825, 0),
	('2017-01-03', 86, 9.005, 0),
	('2017-01-04', 86, 8.50775, 0),
	('2017-01-05', 86, 9.91575, 0),
	('2017-01-06', 86, 11.54725, 0),
	('2017-01-07', 86, 11.56075, 0),
	('2017-01-08', 86, 11.6285, 0),
	('2017-01-09', 86, 10.846, 0),
	('2017-01-10', 86, 10.98025, 0),
	('2017-01-11', 86, 11.6295, 0),
	('2017-01-13', 86, 13.51025, 0),
	('2017-01-14', 86, 11.651, 0),
	('2017-01-15', 86, 11.0075, 0),
	('2017-01-16', 86, 12.33125, 0),
	('2017-01-17', 86, 14.283, 0),
	('2017-01-18', 86, 12.6235, 0),
	('2017-01-19', 86, 13.627, 0),
	('2017-01-20', 86, 14.93325, 0),
	('2017-01-24', 86, 14.36275, 0),
	('2017-01-25', 86, 16.7165, 0),
	('2017-01-27', 86, 13.58775, 0),
	('2017-01-28', 86, 13.54175, 0),
	('2017-01-29', 86, 12.388, 0),
	('2017-01-30', 86, 13.0615, 0),
	('2017-01-31', 86, 12.20625, 0),
	('2017-02-01', 86, 12.54425, 0),
	('2017-02-02', 86, 9.5655, 0),
	('2017-02-03', 86, 5.7622, 0),
	('2017-02-04', 86, 10.09325, 0),
	('2017-02-05', 86, 10.80775, 0),
	('2017-02-06', 86, 11.58675, 0),
	('2017-02-07', 86, 10.70425, 0),
	('2017-02-08', 86, 8.3337, 0),
	('2017-02-09', 86, 10.827, 0),
	('2017-02-10', 86, 12.215, 0),
	('2017-02-12', 86, 13.83975, 0),
	('2017-02-16', 86, 8.588, 0),
	('2017-02-18', 86, 7.11835, 0),
	('2017-02-19', 86, 10.28175, 0),
	('2017-02-20', 86, 13.05025, 0),
	('2017-02-21', 86, 16.5205, 0),
	('2017-02-22', 86, 16.42, 0),
	('2017-02-23', 86, 15.96475, 0),
	('2017-02-24', 86, 15.2545, 0),
	('2017-02-25', 86, 14.05975, 0),
	('2017-02-26', 86, 13.051, 0),
	('2017-02-27', 86, 12.77925, 0),
	('2017-03-01', 86, 11.3, 0),
	('2017-03-02', 86, 9.7675, 0),
	('2017-03-03', 86, 8.69075, 0),
	('2017-03-04', 86, 8.21625, 0),
	('2017-03-05', 86, 7.974, 0),
	('2017-03-07', 86, 8.85905, 0),
	('2017-03-08', 86, 2.427425, 2),
	('2017-03-09', 86, 6.8565, 0),
	('2017-03-10', 86, 6.0377, 0),
	('2017-03-11', 86, 4.6807, 1),
	('2017-03-13', 86, 9.2565, 0),
	('2017-03-14', 86, 7.8905, 0),
	('2017-03-15', 86, 7.7935, 0),
	('2017-03-16', 86, 8.584975, 0),
	('2017-03-18', 86, 8.569275, 0),
	('2017-03-19', 86, 9.2515, 0),
	('2017-03-20', 86, 7.92475, 0),
	('2017-03-21', 86, 10.1455, 0),
	('2017-03-22', 86, 8.162825, 0),
	('2017-03-23', 86, 7.108025, 0),
	('2017-03-25', 86, 7.413, 0),
	('2017-03-27', 86, 7.817, 0),
	('2017-03-29', 86, 5.8305, 0),
	('2017-04-02', 86, 3.441775, 4),
	('2017-04-03', 86, 4.327275, 0),
	('2017-04-04', 86, 5.221825, 0),
	('2017-04-05', 86, 5.36945, 0),
	('2017-04-06', 86, 5.7615, 0),
	('2017-04-07', 86, 3.87825, 0),
	('2017-04-09', 86, 1.73175, 2),
	('2017-04-10', 86, 2.925325, 8),
	('2017-04-11', 86, 4.3069, 3),
	('2017-04-12', 86, 4.77985, 0),
	('2017-04-14', 86, 3.083775, 0),
	('2017-04-15', 86, 2.9285, 1),
	('2017-04-17', 86, 3.97665, 0),
	('2017-04-19', 86, 4.6005, 0),
	('2017-04-21', 86, 3.880575, 0),
	('2017-04-23', 86, 0.3184, 6),
	('2017-04-24', 86, -1.271625, 10),
	('2017-04-25', 86, 0.499325000000001, 0),
	('2017-04-26', 86, -0.938527499999999, 8),
	('2017-04-27', 86, 1.644425, 6),
	('2017-04-28', 86, 3.16485, 2),
	('2017-04-29', 86, 3.871425, 0),
	('2017-05-03', 86, 2.182775, 0),
	('2017-05-04', 86, -0.5406, 10),
	('2017-05-05', 86, 0.4605, 6),
	('2017-05-06', 86, 4.911, 0),
	('2017-05-07', 86, 3.333, 0),
	('2017-05-08', 86, 2.9248, 0),
	('2017-05-09', 86, 1.1574, 2),
	('2017-05-10', 86, 2.133775, 0),
	('2017-05-11', 86, 3.3505, 0),
	('2017-05-12', 86, 4.47275, 0),
	('2017-05-14', 86, 3.04575, 0),
	('2017-05-15', 86, -1.08075, 2),
	('2017-05-16', 86, -0.866225, 9),
	('2017-05-17', 86, 0.510149999999999, 0),
	('2017-05-18', 86, -1.65705, 3),
	('2017-05-19', 86, -4.290425, 17),
	('2017-05-20', 86, -4.4232, 17),
	('2017-05-21', 86, -2.529175, 11),
	('2017-05-22', 86, -2.47475, 4),
	('2017-05-24', 86, -6.33554, 24),
	('2017-05-26', 86, -4.8455325, 17),
	('2017-05-30', 86, -5.6675475, 18),
	('2017-05-31', 86, -5.9983, 21),
	('2017-06-02', 86, -3.245625, 12),
	('2017-06-03', 86, -0.219175, 9),
	('2017-06-05', 86, -5.67990075, 18),
	('2017-06-06', 86, -6.6495875, 19),
	('2017-06-07', 86, -4.1932, 13),
	('2017-06-08', 86, -4.022125, 14),
	('2017-06-09', 86, -3.0178, 10),
	('2017-06-10', 86, 1.079575, 1),
	('2017-06-11', 86, -4.1572725, 10),
	('2017-06-12', 86, -8.7144, 24),
	('2017-06-13', 86, -4.1436, 17),
	('2017-06-14', 86, -1.995025, 10),
	('2017-06-15', 86, 0.754899999999999, 4),
	('2017-06-16', 86, 2.3835, 0),
	('2017-06-17', 86, -4.0414, 12),
	('2017-06-18', 86, -6.3775125, 17),
	('2017-06-19', 86, -6.99242, 24),
	('2017-06-21', 86, 0.646075, 3),
	('2017-06-22', 86, 1.524, 0),
	('2017-06-23', 86, 1.66325, 0),
	('2017-06-24', 86, 1.772325, 0),
	('2017-06-25', 86, 1.795, 0),
	('2017-06-27', 86, 1.796525, 0),
	('2017-06-28', 86, -1.422625, 0),
	('2017-06-29', 86, -0.516249999999999, 0),
	('2017-06-30', 86, 1.40425, 6),
	('2017-07-01', 86, 0.302925, 1),
	('2017-07-02', 86, -2.000575, 11),
	('2017-07-03', 86, 1.83875, 0),
	('2017-07-04', 86, -1.29785, 1),
	('2017-07-05', 86, -5.806825, 24),
	('2017-07-07', 86, 0.0683750000000014, 3),
	('2017-07-08', 86, -0.174849999999999, 8),
	('2017-07-09', 86, -0.299949999999999, 0),
	('2017-07-10', 86, -3.9938, 17),
	('2017-07-11', 86, -6.29665, 17),
	('2017-07-12', 86, -3.9262, 11),
	('2017-07-13', 86, 0.624225000000001, 0),
	('2017-07-14', 86, -3.980235, 13),
	('2017-07-15', 86, -5.556575, 20),
	('2017-07-16', 86, -7.2518425, 22),
	('2017-07-17', 86, -7.904175, 19),
	('2017-07-18', 86, -5.7174375, 17),
	('2017-07-19', 86, -4.8179875, 16),
	('2017-07-20', 86, -1.3614425, 12),
	('2017-07-21', 86, -1.842775, 7),
	('2017-07-22', 86, -0.441475000000001, 2),
	('2017-07-23', 86, -1.078675, 1),
	('2017-07-24', 86, -2.649425, 16),
	('2017-07-25', 86, -4.85505, 15),
	('2017-07-26', 86, -6.801025, 20),
	('2017-07-27', 86, -5.241085, 20),
	('2017-07-28', 86, -3.139375, 13),
	('2017-07-29', 86, -4.9054, 14),
	('2017-07-30', 86, -6.887535, 20),
	('2017-07-31', 86, -7.8275, 19),
	('2017-08-01', 86, -3.602375, 15),
	('2017-08-02', 86, -4.4018065, 17),
	('2017-08-03', 86, -5.4074, 20),
	('2017-08-05', 86, -0.603400000000001, 0),
	('2017-08-07', 86, -0.596, 3),
	('2017-08-08', 86, -0.177849999999999, 6),
	('2017-08-09', 86, 0.906675, 0),
	('2017-08-10', 86, 0.474625, 0),
	('2017-08-11', 86, -1.309925, 0),
	('2017-08-12', 86, -2.26335, 14),
	('2017-08-13', 86, -1.234825, 0),
	('2017-08-14', 86, -0.485900000000001, 2),
	('2017-08-16', 86, -2.555925, 10),
	('2017-08-17', 86, -2.09775, 11),
	('2017-08-18', 86, -1.699925, 2),
	('2017-08-19', 86, -1.70255, 13),
	('2017-08-20', 86, -3.3467525, 14),
	('2017-08-21', 86, -2.0904275, 12),
	('2017-08-22', 86, -1.48885, 6),
	('2017-08-23', 86, -2.0642, 11),
	('2017-08-24', 86, -0.513450000000001, 2),
	('2017-08-25', 86, 0.8072, 0),
	('2017-08-26', 86, 1.094875, 0),
	('2017-08-27', 86, -0.6128, 7),
	('2017-08-28', 86, -2.617225, 4),
	('2017-08-29', 86, -3.10945, 13),
	('2017-08-30', 86, -3.762175, 11),
	('2017-08-31', 86, -1.6681205, 11),
	('2017-09-02', 86, -0.302100000000001, 1),
	('2017-09-03', 86, -2.60518, 13),
	('2017-09-04', 86, -1.8113, 12),
	('2017-09-05', 86, -1.56795, 8),
	('2017-09-06', 86, -2.91228, 11),
	('2017-09-08', 86, -0.0219249999999995, 0),
	('2017-09-09', 86, -1.70165, 8),
	('2017-09-10', 86, -3.006345, 11),
	('2017-09-11', 86, -0.610424999999999, 8),
	('2017-09-12', 86, 0.0797000000000008, 4),
	('2017-09-13', 86, 2.33655, 0),
	('2017-09-14', 86, 0.771374999999999, 0),
	('2017-09-15', 86, -0.664, 9),
	('2017-09-16', 86, 2.1324, 5),
	('2017-09-17', 86, 2.94205, 7),
	('2017-09-18', 86, -0.0261499999999995, 1),
	('2017-09-19', 86, 2.685, 0),
	('2017-09-20', 86, 1.9177, 2),
	('2017-09-22', 86, 3.1445, 1),
	('2017-09-23', 86, 3.712975, 5),
	('2017-09-24', 86, 1.76945, 2),
	('2017-09-25', 86, -0.152950000000001, 4),
	('2017-09-26', 86, 1.57325, 3),
	('2017-09-27', 86, 2.9085, 3),
	('2017-09-28', 86, 3.18555, 0),
	('2017-09-29', 86, 2.61245, 0),
	('2017-09-30', 86, 0.865550000000001, 3),
	('2017-10-01', 86, 0.38805, 3),
	('2017-10-02', 86, -0.27045, 8),
	('2017-10-03', 86, 3.953175, 0),
	('2017-10-04', 86, 1.51775, 0),
	('2017-10-05', 86, 1.663425, 0),
	('2017-10-06', 86, 1.432925, 9),
	('2017-10-07', 86, 0.316174999999999, 4),
	('2017-10-08', 86, 2.2459, 1),
	('2017-10-09', 86, 0.884525, 4),
	('2017-10-10', 86, 0.350925, 5),
	('2017-10-12', 86, 1.62975, 8),
	('2017-10-13', 86, 5.054125, 0),
	('2017-10-14', 86, 6.2905, 0),
	('2017-10-15', 86, 4.152925, 0),
	('2017-10-16', 86, 1.9463, 1),
	('2017-10-17', 86, 3.322, 0),
	('2017-10-18', 86, 4.876675, 0),
	('2017-10-22', 86, 5.905175, 3),
	('2017-10-23', 86, 5.1735, 2),
	('2017-10-24', 86, 7.1995, 0),
	('2017-10-25', 86, 4.67155, 1),
	('2017-10-26', 86, 5.0714, 1),
	('2017-10-27', 86, 5.3904, 1),
	('2017-10-28', 86, 1.333925, 0),
	('2017-10-29', 86, 1.49495, 5),
	('2017-10-30', 86, 2.1653, 7),
	('2017-11-01', 86, 2.42875, 0),
	('2017-11-02', 86, 2.51465, 0),
	('2017-11-03', 86, 2.425025, 8),
	('2017-11-04', 86, 2.733075, 0),
	('2017-11-05', 86, 7.24505, 0),
	('2017-11-06', 86, 7.57225, 0),
	('2017-11-07', 86, 8.353, 0),
	('2017-11-08', 86, 8.26725, 0),
	('2017-11-12', 86, 9.03725, 0),
	('2017-11-16', 86, 6.12575, 0),
	('2017-11-17', 86, 6.51675, 0),
	('2017-11-18', 86, 5.80675, 0),
	('2017-11-19', 86, 8.22415, 0),
	('2017-11-20', 86, 6.3713, 0),
	('2017-11-21', 86, 7.967175, 0),
	('2017-11-22', 86, 8.86, 0),
	('2017-11-23', 86, 9.18875, 0),
	('2017-11-24', 86, 7.769375, 0),
	('2017-11-25', 86, 9.11425, 0),
	('2017-11-26', 86, 10.31975, 0),
	('2017-11-27', 86, 10.7855, 0),
	('2017-11-28', 86, 7.143825, 0),
	('2017-11-29', 86, 6.9015, 0),
	('2017-11-30', 86, 6.438, 0),
	('2017-12-01', 86, 9.169, 0),
	('2017-12-02', 86, 6.9915, 0),
	('2017-12-03', 86, 9.803, 0),
	('2017-12-04', 86, 9.7355, 0),
	('2017-12-05', 86, 8.23435, 0),
	('2017-12-06', 86, 8.925175, 0),
	('2017-12-07', 86, 10.86775, 0),
	('2017-12-08', 86, 8.690125, 0),
	('2017-12-09', 86, 10.090275, 0),
	('2017-12-10', 86, 13.04325, 0),
	('2017-12-11', 86, 8.11375, 0),
	('2017-12-12', 86, 8.23375, 0),
	('2017-12-13', 86, 9.9605, 0),
	('2017-12-14', 86, 11.9115, 0),
	('2017-12-16', 86, 8.49525, 0),
	('2017-12-17', 86, 8.61605, 0),
	('2017-12-19', 86, 11.974, 0),
	('2017-12-20', 86, 11.74325, 0),
	('2017-12-28', 86, 12.69275, 0),
	('2017-12-30', 86, 9.33275, 0),
	('2017-12-31', 86, 11.32125, 0),
	('2018-01-01', 86, 9.9375, 0),
	('2018-01-02', 86, 9.48245, 0),
	('2018-01-03', 86, 12.182, 0),
	('2018-01-04', 86, 9.94325, 0),
	('2018-01-05', 86, 9.37675, 0),
	('2018-01-06', 86, 11.729, 0),
	('2018-01-07', 86, 13.49075, 0),
	('2018-01-08', 86, 11.407, 0),
	('2018-01-09', 86, 12.70975, 0),
	('2018-01-11', 86, 12.33775, 0),
	('2018-01-16', 86, 10.03825, 0),
	('2018-01-17', 86, 11.2915, 0),
	('2018-01-18', 86, 13.09575, 0),
	('2018-01-19', 86, 13.003, 0),
	('2018-01-20', 86, 10.7005, 0),
	('2018-01-21', 86, 8.4255, 0),
	('2018-01-22', 86, 11.361, 0),
	('2018-01-23', 86, 11.32575, 0),
	('2018-01-24', 86, 11.1045, 0),
	('2018-01-25', 86, 9.893, 0),
	('2018-01-26', 86, 8.3996, 0),
	('2018-01-27', 86, 10.29825, 0),
	('2018-01-28', 86, 11.741, 0),
	('2018-01-29', 86, 10.68625, 0),
	('2018-01-30', 86, 9.586575, 0),
	('2018-01-31', 86, 11.45, 0),
	('2018-02-02', 86, 11.32975, 0),
	('2018-02-04', 86, 12.48075, 0),
	('2018-02-06', 86, 11.63625, 0),
	('2018-02-07', 86, 11.55175, 0),
	('2018-02-08', 86, 10.93375, 0),
	('2018-02-09', 86, 8.789, 0),
	('2018-02-11', 86, 9.866, 0),
	('2018-02-12', 86, 12.38075, 0),
	('2018-02-13', 86, 11.72525, 0),
	('2018-02-14', 86, 10.528, 0),
	('2018-02-15', 86, 11.3995, 0),
	('2018-02-17', 86, 12.16875, 0),
	('2018-02-19', 86, 8.99, 0),
	('2018-02-20', 86, 11.48875, 0),
	('2018-02-21', 86, 11.5015, 0),
	('2018-02-22', 86, 10.298, 0),
	('2018-02-23', 86, 11.31275, 0),
	('2018-02-24', 86, 9.86675, 0),
	('2018-02-25', 86, 9.32895, 0),
	('2018-02-26', 86, 10.0085, 0),
	('2018-02-27', 86, 9.02325, 0),
	('2018-02-28', 86, 8.9325, 0),
	('2018-03-01', 86, 10.5205, 0),
	('2018-03-02', 86, 10.10525, 0),
	('2018-03-04', 86, 8.37435, 0),
	('2018-03-05', 86, 9.40725, 0),
	('2018-03-07', 86, 7.2679, 0),
	('2018-03-08', 86, 7.1155, 0),
	('2018-03-09', 86, 7.24425, 0),
	('2018-03-11', 86, 6.363, 1),
	('2018-03-12', 86, 6.602675, 0),
	('2018-03-13', 86, 4.796825, 0),
	('2018-03-14', 86, 4.587425, 2),
	('2018-03-15', 86, 7.121875, 0),
	('2018-03-16', 86, 4.945625, 4),
	('2018-03-17', 86, 3.569, 0),
	('2018-03-18', 86, 4.275175, 0),
	('2018-03-19', 86, 3.3974, 3),
	('2018-03-20', 86, 4.8437, 0),
	('2018-03-21', 86, 5.4789, 0),
	('2018-03-22', 86, 6.306225, 0),
	('2018-03-23', 86, 7.94425, 0),
	('2018-03-24', 86, 5.46925, 0),
	('2018-03-25', 86, 4.910325, 1),
	('2018-03-26', 86, 5.71175, 0),
	('2018-03-27', 86, 5.601525, 0),
	('2018-03-28', 86, 6.89775, 0),
	('2018-03-29', 86, 9.11775, 0),
	('2018-03-30', 86, 8.874, 0),
	('2018-03-31', 86, 4.57475, 0),
	('2018-04-01', 86, 6.00975, 0),
	('2018-04-02', 86, 5.50535, 0),
	('2018-04-03', 86, 4.89, 0),
	('2018-04-04', 86, 5.3788, 0),
	('2018-04-05', 86, 3.54725, 0),
	('2018-04-06', 86, 1.289725, 3),
	('2018-04-07', 86, 4.95725, 0),
	('2018-04-08', 86, 3.34265, 6),
	('2018-04-09', 86, 3.1865, 4),
	('2018-04-10', 86, 5.717, 0),
	('2018-04-11', 86, 3.6091, 0),
	('2018-04-12', 86, 0.483449999999999, 3),
	('2018-04-13', 86, 1.77135, 9),
	('2018-04-14', 86, 0.78435, 6),
	('2018-04-20', 86, 2.2385, 3),
	('2018-04-21', 86, 2.00655, 4),
	('2018-04-22', 86, 4.015625, 3),
	('2018-04-24', 86, -0.6492, 9),
	('2018-04-25', 86, -0.58775, 9),
	('2018-04-26', 86, 1.650225, 9),
	('2018-04-27', 86, 1.4299, 0),
	('2018-04-28', 86, -0.546325, 4),
	('2018-04-29', 86, -1.3295, 8),
	('2018-05-02', 86, 2.7078, 0),
	('2018-05-03', 86, 2.8939, 0),
	('2018-05-04', 86, 1.877225, 0),
	('2018-05-05', 86, 2.939, 8),
	('2018-05-06', 86, 2.088225, 6),
	('2018-05-07', 86, 3.4405, 0),
	('2018-05-08', 86, 1.225975, 0),
	('2018-05-09', 86, -0.329499999999999, 0),
	('2018-05-10', 86, 0.754950000000001, 1),
	('2018-05-11', 86, -0.869475, 9),
	('2018-05-12', 86, -0.199750000000002, 11),
	('2018-05-13', 86, 1.2138, 3),
	('2018-05-14', 86, 2.47675, 0),
	('2018-05-15', 86, -1.0396, 0),
	('2018-05-21', 86, -3.903725, 9),
	('2018-05-22', 86, -5.243685, 18),
	('2018-05-23', 86, -7.532245, 20),
	('2018-05-24', 86, -4.81716, 17),
	('2018-05-25', 86, -3.698475, 12),
	('2018-05-26', 86, -1.036325, 5),
	('2018-05-27', 86, -1.7064, 11),
	('2018-05-28', 86, 0.660025000000001, 0),
	('2018-05-29', 86, 1.2223, 0),
	('2018-05-30', 86, -2.79505, 14),
	('2018-05-31', 86, -6.110875, 24),
	('2018-06-01', 86, -5.0091875, 18),
	('2018-06-02', 86, -7.511615, 21),
	('2018-06-03', 86, -6.053925, 16),
	('2018-06-04', 86, -7.97931, 23),
	('2018-06-05', 86, -8.2849, 24),
	('2018-06-06', 86, -0.911725000000001, 5),
	('2018-06-07', 86, -5.982765, 19),
	('2018-06-08', 86, -1.277625, 10),
	('2018-06-09', 86, 1.670125, 0),
	('2018-06-10', 86, -1.8167, 3),
	('2018-06-11', 86, -4.94925, 23),
	('2018-06-12', 86, -6.5798, 19),
	('2018-06-13', 86, -6.9802355, 24),
	('2018-06-14', 86, -8.904, 24),
	('2018-06-15', 86, -4.07685, 16),
	('2018-06-16', 86, -3.6315925, 12),
	('2018-06-17', 86, -2.259375, 12),
	('2018-06-18', 86, -2.775225, 12),
	('2018-06-19', 86, -2.587175, 10),
	('2018-06-20', 86, -3.188375, 5),
	('2018-06-21', 86, -4.595235, 13),
	('2018-06-22', 86, -4.02925, 18),
	('2018-06-23', 86, -5.263875, 16),
	('2018-06-24', 86, -4.19505075, 12),
	('2018-06-25', 86, -4.042125, 12),
	('2018-06-26', 86, -2.47615, 11),
	('2018-06-28', 86, -0.321925, 0),
	('2018-07-02', 86, 1.74305, 0),
	('2018-07-05', 86, 1.506825, 0),
	('2018-07-06', 86, 2.3178, 0),
	('2018-07-07', 86, 1.64845, 0),
	('2018-07-08', 86, -1.6293, 3),
	('2018-07-09', 86, -4.742595, 19),
	('2018-07-10', 86, -3.349775, 10);

-- Volcando estructura para tabla citrads.instrumento
CREATE TABLE IF NOT EXISTS `instrumento` (
  `id` int(11) NOT NULL AUTO_INCREMENT,
  `unidad` tinytext NOT NULL,
  `marca` tinytext DEFAULT NULL,
  `modelo` tinytext DEFAULT NULL,
  `adcon_id` int(11) DEFAULT NULL COMMENT 'condicional, no obligatorio',
  `ubicacion_nombre` text DEFAULT NULL,
  `observacion` text DEFAULT NULL,
  `fecha_instalacion` date DEFAULT NULL,
  `tipo_instrumento_id` int(11) NOT NULL,
  `estacion_id` int(11) DEFAULT NULL,
  `responsable_id` int(11) NOT NULL,
  `revisar_datos` int(11) DEFAULT NULL COMMENT '[1] = Revisar datos\n[0] = No revisar datos',
  PRIMARY KEY (`id`),
  KEY `fk_instrumento_tipo_instrumento` (`tipo_instrumento_id`),
  KEY `fk_instrumento_estacion` (`estacion_id`),
  KEY `fk_instrumento_responsable` (`responsable_id`),
  CONSTRAINT `instrumento_ibfk_1` FOREIGN KEY (`estacion_id`) REFERENCES `estacioneve` (`id`)
) ENGINE=InnoDB AUTO_INCREMENT=1163 DEFAULT CHARSET=utf8;

-- Volcando datos para la tabla citrads.instrumento: ~593 rows (aproximadamente)
DELETE FROM `instrumento`;
INSERT INTO `instrumento` (`id`, `unidad`, `marca`, `modelo`, `adcon_id`, `ubicacion_nombre`, `observacion`, `fecha_instalacion`, `tipo_instrumento_id`, `estacion_id`, `responsable_id`, `revisar_datos`) VALUES
	(419, 'V', 'Adcon Telemetry GmbH', 'Solar Cell', 286, 'Peralillo', '', '2000-01-01', 9, 84, 1, 0),
	(420, 'V', 'Adcon Telemetry GmbH', 'Battery Voltage', 287, 'Peralillo', '', '2000-01-01', 7, 84, 1, 0),
	(421, 'km/h', 'Schiltknecht AG', 'Wind Speed', 316, 'Peralillo', '', '2000-01-01', 2, 84, 1, 0),
	(422, '&deg;', 'Schiltknecht AG', 'Wind Direction', 315, 'Peralillo', '', '2000-01-01', 3, 84, 1, 0),
	(423, 'mm', 'Pronamic', 'Precipitation', 317, 'Peralillo', '', '2000-01-01', 6, 84, 1, 0),
	(424, '&#37;', 'Vaisala OY', 'Relative Humidity', 318, 'Peralillo', '', '2000-01-01', 4, 84, 1, 0),
	(425, '&deg;C', 'Vaisala OY', 'Temperature', 319, 'Peralillo', '', '2000-01-01', 5, 84, 1, 0),
	(426, 'W/m2', 'Kipp und Zonen', 'Pyranometer SP-Lite', 320, 'Peralillo', '', '2000-01-01', 1, 84, 1, 0),
	(427, 'V', 'Adcon Telemetry GmbH', 'Solar Cell', 283, 'Santa Cruz', '', '2000-01-01', 9, 85, 1, 0),
	(428, 'V', 'Adcon Telemetry GmbH', 'Battery Voltage', 284, 'Santa Cruz', '', '2000-01-01', 7, 85, 1, 0),
	(429, 'km/h', 'Schiltknecht AG', 'Wind Speed', 322, 'Santa Cruz', '', '2000-01-01', 2, 85, 1, 0),
	(430, '&deg;', 'Schiltknecht AG', 'Wind Direction', 321, 'Santa Cruz', '', '2000-01-01', 3, 85, 1, 0),
	(431, 'mm', 'Pronamic', 'Precipitation', 333, 'Santa Cruz', '', '2000-01-01', 6, 85, 1, 0),
	(432, '&#37;', 'Vaisala OY', 'Relative Humidity', 324, 'Santa Cruz', '', '2000-01-01', 4, 85, 1, 0),
	(433, '&deg;C', 'Vaisala OY', 'Temperature', 325, 'Santa Cruz', '', '2000-01-01', 5, 85, 1, 0),
	(434, 'W/m2', 'Kipp und Zonen', 'Pyranometer SP-Lite', 326, 'Santa Cruz', '', '2000-01-01', 1, 85, 1, 0),
	(435, 'V', 'Adcon Telemetry GmbH', 'Solar Cell', 241, 'Panguilemo', '', '2000-01-01', 9, 86, 1, 0),
	(436, 'V', 'Adcon Telemetry GmbH', 'Battery Voltage', 242, 'Panguilemo', '', '2000-01-01', 7, 86, 1, 0),
	(437, 'W/m2', 'Kipp und Zonen', 'Pyranometer SP-Lite', 243, 'Panguilemo', '', '2000-01-01', 1, 86, 1, 0),
	(438, '&deg;C', 'Vaisala OY', 'Temperature', 245, 'Panguilemo', '', '2000-01-01', 5, 86, 1, 0),
	(439, '&#37;', 'Vaisala OY', 'Relative Humidity', 244, 'Panguilemo', '', '2000-01-01', 4, 86, 1, 0),
	(440, 'mm', 'Pronamic', 'Precipitation', 246, 'Panguilemo', '', '2000-01-01', 6, 86, 1, 0),
	(441, '&deg;', 'Schiltknecht AG', 'Wind Direction', 247, 'Panguilemo', '', '2000-01-01', 3, 86, 1, 0),
	(442, 'km/h', 'Schiltknecht AG', 'Wind Speed', 248, 'Panguilemo', '', '2000-01-01', 2, 86, 1, 0),
	(443, 'V', 'Adcon Telemetry GmbH', 'Battery Voltage', 288, 'Coinco', '', '2000-01-01', 7, 87, 1, 0),
	(444, 'V', 'Adcon Telemetry GmbH', 'Solar Cell', 289, 'Coinco', '', '2000-01-01', 9, 87, 1, 0),
	(445, 'W/m2', 'Kipp und Zonen', 'Pyranometer', 290, 'Coinco', '', '2000-01-01', 1, 87, 1, 0),
	(446, '&deg;C', 'Vaisala OY', 'Temperature', 291, 'Coinco', '', '2000-01-01', 5, 87, 1, 0),
	(447, '&#37;', 'Vaisala OY', 'Relative Humidity', 292, 'Coinco', '', '2000-01-01', 4, 87, 1, 0),
	(448, 'mm', 'Pronamic', 'Precipitation', 293, 'Coinco', '', '2000-01-01', 6, 87, 1, 0),
	(449, '&deg;', 'Schiltknecht AG', 'Wind Direction', 294, 'Coinco', '', '2000-01-01', 3, 87, 1, 0),
	(450, 'km/h', 'Schiltknecht AG', 'Wind Speed', 295, 'Coinco', '', '2000-01-01', 2, 87, 1, 0),
	(457, 'mm', 'Pronamic', 'Precipitation', 135, 'Agr Malvilla', '', '2000-01-01', 6, 89, 1, 0),
	(458, 'W/m2', 'Kipp und Zonen', 'Pyranometer SP-Lite', 136, 'Agr Malvilla', '', '2000-01-01', 1, 89, 1, 0),
	(459, '&#37;', 'Vaisala OY', 'Relative Humidity', 139, 'Agr Malvilla', '', '2000-01-01', 4, 89, 1, 0),
	(461, '&deg;C', 'Vaisala OY', 'Temperature', 143, 'Agr Malvilla', '', '2000-01-01', 5, 89, 1, 0),
	(462, 'km/h', 'Schiltknecht AG', 'Wind Speed 200', 137, 'Agr Malvilla', '', '2000-01-01', 2, 89, 1, 0),
	(463, 'mm', 'Various', 'Precipitation', 984, 'Anakena', '', '2000-01-01', 6, 90, 1, 0),
	(464, 'W/m2', 'Kipp und Zonen', 'Pyranometer SP-Lite and CMP3', 982, 'Anakena', '', '2000-01-01', 1, 90, 1, 0),
	(465, '&#37;', 'Various', 'Relative Humidity', 983, 'Anakena', '', '2000-01-01', 4, 90, 1, 0),
	(466, '&deg;C', 'Various', 'Temperature', 985, 'Anakena', '', '2000-01-01', 5, 90, 1, 0),
	(467, 'km/h', 'Various', 'Wind Speed', 987, 'Anakena', '', '2000-01-01', 2, 90, 1, 0),
	(468, 'mm', 'Various', 'Precipitation', 2003, 'Aresti', '', '2000-01-01', 6, 91, 1, 0),
	(469, 'W/m2', 'Kipp und Zonen', 'Pyranometer SP-Lite and CMP3', 2007, 'Aresti', '', '2000-01-01', 1, 91, 1, 0),
	(470, '&#37;', 'Various', 'Relative Humidity', 2008, 'Aresti', '', '2000-01-01', 4, 91, 1, 0),
	(471, '&deg;C', 'Various', 'Temperature', 2005, 'Aresti', '', '2000-01-01', 5, 91, 1, 0),
	(472, 'km/h', 'Various', 'Wind Speed', 2009, 'Aresti', '', '2000-01-01', 2, 91, 1, 0),
	(473, 'mm', 'Various', 'Precipitation', 1646, 'Casa Rivas', '', '2000-01-01', 6, 92, 1, 0),
	(474, 'W/m2', 'Kipp und Zonen', 'Pyranometer SP-Lite and CMP3', 1652, 'Casa Rivas', '', '2000-01-01', 1, 92, 1, 0),
	(475, '&#37;', 'Various', 'Relative Humidity', 1648, 'Casa Rivas', '', '2000-01-01', 4, 92, 1, 0),
	(476, '&deg;C', 'Various', 'Temperature', 1651, 'Casa Rivas', '', '2000-01-01', 5, 92, 1, 0),
	(477, 'km/h', 'Various', 'Wind Speed', 1647, 'Casa Rivas', '', '2000-01-01', 2, 92, 1, 0),
	(478, 'mm', 'Various', 'Precipitation', 1309, 'Casa Silva', '', '2000-01-01', 6, 93, 1, 0),
	(479, 'W/m2', 'Kipp und Zonen', 'Pyranometer SP-Lite and CMP3', 1311, 'Casa Silva', '', '2000-01-01', 1, 93, 1, 0),
	(480, '&#37;', 'Various', 'Relative Humidity', 1307, 'Casa Silva', '', '2000-01-01', 4, 93, 1, 0),
	(481, '&deg;C', 'Various', 'Temperature', 1306, 'Casa Silva', '', '2000-01-01', 5, 93, 1, 0),
	(482, 'km/h', 'Various', 'Wind Speed', 1308, 'Casa Silva', '', '2000-01-01', 2, 93, 1, 0),
	(483, 'mm', 'Pronamic', 'Precipitation', 111, 'Casas del Bosque', '', '2000-01-01', 6, 94, 1, 0),
	(484, 'W/m2', 'Kipp und Zonen', 'Pyranometer SP-Lite', 114, 'Casas del Bosque', '', '2000-01-01', 1, 94, 1, 0),
	(485, '&#37;', 'Vaisala OY', 'Relative Humidity', 112, 'Casas del Bosque', '', '2000-01-01', 4, 94, 1, 0),
	(486, '&deg;C', 'Vaisala OY', 'Temperature', 119, 'Casas del Bosque', '', '2000-01-01', 5, 94, 1, 0),
	(487, 'km/h', 'Schiltknecht AG', 'Wind Speed 200', 115, 'Casas del Bosque', '', '2000-01-01', 2, 94, 1, 0),
	(488, 'V', 'Adcon Telemetry GmbH', 'Battery Voltage', 3295, 'Casas Patronales', '', '2000-01-01', 7, 95, 1, 0),
	(491, 'mm', 'Various', 'Precipitation', 3293, 'Casas Patronales', '', '2000-01-01', 6, 95, 1, 0),
	(492, 'W/m2', 'Kipp und Zonen', 'Pyranometer SP-Lite and CMP3', 3300, 'Casas Patronales', '', '2000-01-01', 1, 95, 1, 0),
	(493, '&#37;', 'Various', 'Relative Humidity', 3296, 'Casas Patronales', '', '2000-01-01', 4, 95, 1, 0),
	(494, '&deg;C', 'Various', 'Temperature', 3297, 'Casas Patronales', '', '2000-01-01', 5, 95, 1, 0),
	(495, 'km/h', 'Various', 'Wind Speed', 3294, 'Casas Patronales', '', '2000-01-01', 2, 95, 1, 0),
	(496, 'mm', 'Various', 'Precipitation', 494, 'Chocalan', '', '2000-01-01', 6, 96, 1, 0),
	(497, 'W/m2', 'Kipp und Zonen', 'Pyranometer SP-Lite and CMP3', 495, 'Chocalan', '', '2000-01-01', 1, 96, 1, 0),
	(498, '&#37;', 'Various', 'Relative Humidity', 497, 'Chocalan', '', '2000-01-01', 4, 96, 1, 0),
	(499, '&deg;C', 'Various', 'Temperature', 498, 'Chocalan', '', '2000-01-01', 5, 96, 1, 0),
	(500, 'km/h', 'Various', 'Wind Speed', 492, 'Chocalan', '', '2000-01-01', 2, 96, 1, 0),
	(501, 'mm', 'Various', 'Precipitation', 1328, 'Cono Sur', '', '2000-01-01', 6, 97, 1, 0),
	(502, 'W/m2', 'Kipp und Zonen', 'Pyranometer SP-Lite and CMP3', 1325, 'Cono Sur', '', '2000-01-01', 1, 97, 1, 0),
	(503, '&#37;', 'Various', 'Relative Humidity', 1330, 'Cono Sur', '', '2000-01-01', 4, 97, 1, 0),
	(504, '&deg;C', 'Various', 'Temperature', 1327, 'Cono Sur', '', '2000-01-01', 5, 97, 1, 0),
	(505, 'km/h', 'Various', 'Wind Speed', 1326, 'Cono Sur', '', '2000-01-01', 2, 97, 1, 0),
	(506, 'mm', 'Various', 'Precipitation', 165, 'Corpora', '', '2000-01-01', 6, 98, 1, 0),
	(507, 'W/m2', 'Kipp und Zonen', 'Pyranometer SP-Lite and CMP3', 168, 'Corpora', '', '2000-01-01', 1, 98, 1, 0),
	(508, '&#37;', 'Various', 'Relative Humidity', 167, 'Corpora', '', '2000-01-01', 4, 98, 1, 0),
	(509, '&deg;C', 'Various', 'Temperature', 166, 'Corpora', '', '2000-01-01', 5, 98, 1, 0),
	(510, 'km/h', 'Various', 'Wind Speed', 163, 'Corpora', '', '2000-01-01', 2, 98, 1, 0),
	(511, 'mm', 'Various', 'Precipitation', 477, 'DeMartino', '', '2000-01-01', 6, 99, 1, 0),
	(512, 'W/m2', 'Kipp und Zonen', 'Pyranometer SP-Lite and CMP3', 473, 'DeMartino', '', '2000-01-01', 1, 99, 1, 0),
	(513, '&#37;', 'Various', 'Relative Humidity', 476, 'DeMartino', '', '2000-01-01', 4, 99, 1, 0),
	(514, '&deg;C', 'Various', 'Temperature', 472, 'DeMartino', '', '2000-01-01', 5, 99, 1, 0),
	(515, 'km/h', 'Various', 'Wind Speed', 478, 'DeMartino', '', '2000-01-01', 2, 99, 1, 0),
	(516, 'V', 'Adcon Telemetry GmbH', 'Battery Voltage', 3150, 'El Aromo', '', '2000-01-01', 7, 100, 1, 0),
	(519, 'mm', 'Various', 'Precipitation', 3143, 'El Aromo', '', '2000-01-01', 6, 100, 1, 0),
	(520, 'W/m2', 'Kipp und Zonen', 'Pyranometer SP-Lite and CMP3', 3149, 'El Aromo', '', '2000-01-01', 1, 100, 1, 0),
	(521, '&#37;', 'Various', 'Relative Humidity', 3148, 'El Aromo', '', '2000-01-01', 4, 100, 1, 0),
	(522, '&deg;C', 'Various', 'Temperature', 3147, 'El Aromo', '', '2000-01-01', 5, 100, 1, 0),
	(523, 'km/h', 'Various', 'Wind Speed', 3144, 'El Aromo', '', '2000-01-01', 2, 100, 1, 0),
	(524, 'mm', 'Pronamic', 'Precipitation', 6945, 'El Ensue&ntilde;o', '', '2000-01-01', 6, 101, 1, 0),
	(525, 'W/m2', 'Kipp und Zonen', 'Pyranometer SP-Lite', 6942, 'El Ensue&ntilde;o', '', '2000-01-01', 1, 101, 1, 0),
	(526, '&#37;', 'Vaisala OY', 'Relative Humidity', 6944, 'El Ensue&ntilde;o', '', '2000-01-01', 4, 101, 1, 0),
	(528, '&deg;C', 'Vaisala OY', 'Temperature', 6943, 'El Ensue&ntilde;o', '', '2000-01-01', 5, 101, 1, 0),
	(529, 'km/h', 'Schiltknecht AG', 'Wind Speed 200', 6941, 'El Ensue&ntilde;o', '', '2000-01-01', 2, 101, 1, 0),
	(530, 'mm', 'Various', 'Precipitation', 1846, 'Emiliana', '', '2000-01-01', 6, 102, 1, 0),
	(531, 'W/m2', 'Kipp und Zonen', 'Pyranometer SP-Lite and CMP3', 1848, 'Emiliana', '', '2000-01-01', 1, 102, 1, 0),
	(532, '&#37;', 'Various', 'Relative Humidity', 1849, 'Emiliana', '', '2000-01-01', 4, 102, 1, 0),
	(533, '&deg;C', 'Various', 'Temperature', 1847, 'Emiliana', '', '2000-01-01', 5, 102, 1, 0),
	(534, 'km/h', 'Various', 'Wind Speed', 1850, 'Emiliana', '', '2000-01-01', 2, 102, 1, 0),
	(535, 'mm', 'Various', 'Precipitation', 896, 'Errazuriz', '', '2000-01-01', 6, 103, 1, 0),
	(536, 'W/m2', 'Kipp und Zonen', 'Pyranometer SP-Lite and CMP3', 895, 'Errazuriz', '', '2000-01-01', 1, 103, 1, 0),
	(537, '&#37;', 'Various', 'Relative Humidity', 898, 'Errazuriz', '', '2000-01-01', 4, 103, 1, 0),
	(538, '&deg;C', 'Various', 'Temperature', 899, 'Errazuriz', '', '2000-01-01', 5, 103, 1, 0),
	(539, 'km/h', 'Various', 'Wind Speed', 893, 'Errazuriz', '', '2000-01-01', 2, 103, 1, 0),
	(540, 'mm', 'Various', 'Precipitation', 273, 'Falernia', '', '2000-01-01', 6, 104, 1, 0),
	(541, 'W/m2', 'Kipp und Zonen', 'Pyranometer SP-Lite and CMP3', 277, 'Falernia', '', '2000-01-01', 1, 104, 1, 0),
	(542, '&#37;', 'Various', 'Relative Humidity', 280, 'Falernia', '', '2000-01-01', 4, 104, 1, 0),
	(543, '&deg;C', 'Various', 'Temperature', 275, 'Falernia', '', '2000-01-01', 5, 104, 1, 0),
	(544, 'km/h', 'Various', 'Wind Speed', 276, 'Falernia', '', '2000-01-01', 2, 104, 1, 0),
	(545, 'mm', 'Various', 'Precipitation', 229, 'Guillisasti', '', '2000-01-01', 6, 105, 1, 0),
	(546, 'W/m2', 'Kipp und Zonen', 'Pyranometer SP-Lite and CMP3', 231, 'Guillisasti', '', '2000-01-01', 1, 105, 1, 0),
	(547, '&#37;', 'Various', 'Relative Humidity', 226, 'Guillisasti', '', '2000-01-01', 4, 105, 1, 0),
	(548, '&deg;C', 'Various', 'Temperature', 225, 'Guillisasti', '', '2000-01-01', 5, 105, 1, 0),
	(549, 'km/h', 'Various', 'Wind Speed', 227, 'Guillisasti', '', '2000-01-01', 2, 105, 1, 0),
	(550, 'V', 'Adcon Telemetry GmbH', 'Battery Voltage', 3318, 'JBouchon', '', '2000-01-01', 7, 106, 1, 0),
	(553, 'mm', 'Various', 'Precipitation', 3319, 'JBouchon', '', '2000-01-01', 6, 106, 1, 0),
	(554, 'W/m2', 'Kipp und Zonen', 'Pyranometer SP-Lite and CMP3', 3315, 'JBouchon', '', '2000-01-01', 1, 106, 1, 0),
	(555, '&#37;', 'Various', 'Relative Humidity', 3313, 'JBouchon', '', '2000-01-01', 4, 106, 1, 0),
	(556, '&deg;C', 'Various', 'Temperature', 3317, 'JBouchon', '', '2000-01-01', 5, 106, 1, 0),
	(557, 'km/h', 'Various', 'Wind Speed', 3320, 'JBouchon', '', '2000-01-01', 2, 106, 1, 0),
	(558, 'mm', 'Various', 'Precipitation', 1907, 'Lapostolle', '', '2000-01-01', 6, 107, 1, 0),
	(559, 'W/m2', 'Kipp und Zonen', 'Pyranometer SP-Lite and CMP3', 1908, 'Lapostolle', '', '2000-01-01', 1, 107, 1, 0),
	(560, '&#37;', 'Various', 'Relative Humidity', 1910, 'Lapostolle', '', '2000-01-01', 4, 107, 1, 0),
	(561, '&deg;C', 'Various', 'Temperature', 1904, 'Lapostolle', '', '2000-01-01', 5, 107, 1, 0),
	(562, 'km/h', 'Various', 'Wind Speed', 1903, 'Lapostolle', '', '2000-01-01', 2, 107, 1, 0),
	(563, 'mm', 'Various', 'Precipitation', 1449, 'Larosa', '', '2000-01-01', 6, 108, 1, 0),
	(564, 'W/m2', 'Kipp und Zonen', 'Pyranometer SP-Lite and CMP3', 1445, 'Larosa', '', '2000-01-01', 1, 108, 1, 0),
	(565, '&#37;', 'Various', 'Relative Humidity', 1444, 'Larosa', '', '2000-01-01', 4, 108, 1, 0),
	(566, '&deg;C', 'Various', 'Temperature', 1448, 'Larosa', '', '2000-01-01', 5, 108, 1, 0),
	(567, 'km/h', 'Various', 'Wind Speed', 1443, 'Larosa', '', '2000-01-01', 2, 108, 1, 0),
	(568, 'V', 'Adcon Telemetry GmbH', 'Battery Voltage', 26, 'Las Petras', '', '2000-01-01', 7, 109, 1, 0),
	(571, 'mm', 'Pronamic', 'Precipitation', 25, 'Las Petras', '', '2000-01-01', 6, 109, 1, 0),
	(572, 'W/m2', 'Kipp und Zonen', 'Pyranometer CM3', 29, 'Las Petras', '', '2000-01-01', 1, 109, 1, 0),
	(573, '&#37;', 'Vaisala OY', 'Relative Humidity', 32, 'Las Petras', '', '2000-01-01', 4, 109, 1, 0),
	(575, '&deg;C', 'Vaisala OY', 'Temperature', 27, 'Las Petras', '', '2000-01-01', 5, 109, 1, 0),
	(576, 'km/h', 'Schiltknecht AG', 'Wind Speed 200', 30, 'Las Petras', '', '2000-01-01', 2, 109, 1, 0),
	(577, 'V', 'Adcon Telemetry GmbH', 'Battery Voltage', 4341, 'Loma Larga', '', '2000-01-01', 7, 110, 1, 0),
	(580, 'mm', 'Pronamic', 'Precipitation', 4337, 'Loma Larga', '', '2000-01-01', 6, 110, 1, 0),
	(581, 'W/m2', 'Kipp und Zonen', 'Pyranometer SP-Lite', 4336, 'Loma Larga', '', '2000-01-01', 1, 110, 1, 0),
	(582, '&#37;', 'Vaisala OY', 'Relative Humidity', 4342, 'Loma Larga', '', '2000-01-01', 4, 110, 1, 0),
	(583, 'V', 'Adcon Telemetry GmbH', 'Solar Cell', 4338, 'Loma Larga', '', '2000-01-01', 9, 110, 1, 0),
	(584, '&deg;C', 'Vaisala OY', 'Temperature', 4339, 'Loma Larga', '', '2000-01-01', 5, 110, 1, 0),
	(585, 'km/h', 'Schiltknecht AG', 'Wind Speed 200', 4340, 'Loma Larga', '', '2000-01-01', 2, 110, 1, 0),
	(591, 'mm', 'Various', 'Precipitation', 176, 'San Antonio', '', '2000-01-01', 6, 112, 1, 0),
	(592, 'W/m2', 'Kipp und Zonen', 'Pyranometer SP-Lite and CMP3', 175, 'San Antonio', '', '2000-01-01', 1, 112, 1, 0),
	(593, '&#37;', 'Various', 'Relative Humidity', 173, 'San Antonio', '', '2000-01-01', 4, 112, 1, 0),
	(594, '&deg;C', 'Various', 'Temperature', 178, 'San Antonio', '', '2000-01-01', 5, 112, 1, 0),
	(595, 'km/h', 'Various', 'Wind Speed', 174, 'San Antonio', '', '2000-01-01', 2, 112, 1, 0),
	(596, 'mm', 'Various', 'Precipitation', 1498, 'Lurton', '', '2000-01-01', 6, 113, 1, 0),
	(597, 'W/m2', 'Kipp und Zonen', 'Pyranometer SP-Lite and CMP3', 1504, 'Lurton', '', '2000-01-01', 1, 113, 1, 0),
	(598, '&#37;', 'Various', 'Relative Humidity', 1499, 'Lurton', '', '2000-01-01', 4, 113, 1, 0),
	(599, '&deg;C', 'Various', 'Temperature', 1505, 'Lurton', '', '2000-01-01', 5, 113, 1, 0),
	(600, 'km/h', 'Various', 'Wind Speed', 1502, 'Lurton', '', '2000-01-01', 2, 113, 1, 0),
	(601, 'mm', 'Various', 'Precipitation', 1299, 'Montes', '', '2000-01-01', 6, 114, 1, 0),
	(602, 'W/m2', 'Kipp und Zonen', 'Pyranometer SP-Lite and CMP3', 1296, 'Montes', '', '2000-01-01', 1, 114, 1, 0),
	(603, '&#37;', 'Various', 'Relative Humidity', 1298, 'Montes', '', '2000-01-01', 4, 114, 1, 0),
	(604, '&deg;C', 'Various', 'Temperature', 1295, 'Montes', '', '2000-01-01', 5, 114, 1, 0),
	(605, 'km/h', 'Various', 'Wind Speed', 1302, 'Montes', '', '2000-01-01', 2, 114, 1, 0),
	(606, 'mm', 'Various', 'Precipitation', 1223, 'Romeral', '', '2000-01-01', 6, 115, 1, 0),
	(607, 'W/m2', 'Kipp und Zonen', 'Pyranometer SP-Lite and CMP3', 1226, 'Romeral', '', '2000-01-01', 1, 115, 1, 0),
	(608, '&#37;', 'Various', 'Relative Humidity', 1222, 'Romeral', '', '2000-01-01', 4, 115, 1, 0),
	(609, '&deg;C', 'Various', 'Temperature', 1227, 'Romeral', '', '2000-01-01', 5, 115, 1, 0),
	(610, 'km/h', 'Various', 'Wind Speed', 1224, 'Romeral', '', '2000-01-01', 2, 115, 1, 0),
	(611, 'mm', 'Various', 'Precipitation', 465, 'San Bernardo', '', '2000-01-01', 6, 116, 1, 0),
	(612, 'W/m2', 'Kipp und Zonen', 'Pyranometer SP-Lite and CMP3', 461, 'San Bernardo', '', '2000-01-01', 1, 116, 1, 0),
	(613, '&#37;', 'Various', 'Relative Humidity', 464, 'San Bernardo', '', '2000-01-01', 4, 116, 1, 0),
	(614, '&deg;C', 'Various', 'Temperature', 468, 'San Bernardo', '', '2000-01-01', 5, 116, 1, 0),
	(615, 'km/h', 'Various', 'Wind Speed', 463, 'San Bernardo', '', '2000-01-01', 2, 116, 1, 0),
	(616, 'V', 'Adcon Telemetry GmbH', 'Battery Voltage', 3287, 'Odfjell', '', '2000-01-01', 7, 117, 1, 0),
	(619, 'mm', 'Various', 'Precipitation', 3285, 'Odfjell', '', '2000-01-01', 6, 117, 1, 0),
	(620, 'W/m2', 'Kipp und Zonen', 'Pyranometer SP-Lite and CMP3', 3284, 'Odfjell', '', '2000-01-01', 1, 117, 1, 0),
	(621, '&#37;', 'Various', 'Relative Humidity', 3289, 'Odfjell', '', '2000-01-01', 4, 117, 1, 0),
	(622, '&deg;C', 'Various', 'Temperature', 3286, 'Odfjell', '', '2000-01-01', 5, 117, 1, 0),
	(623, 'km/h', 'Various', 'Wind Speed', 3288, 'Odfjell', '', '2000-01-01', 2, 117, 1, 0),
	(624, 'mm', 'Pronamic', 'Precipitation', 4821, 'Los Angeles', '', '2000-01-01', 6, 118, 1, 0),
	(625, 'W/m2', 'Kipp und Zonen', 'Pyranometer SP-Lite', 4815, 'Los Angeles', '', '2000-01-01', 1, 118, 1, 0),
	(626, '&#37;', 'Vaisala OY', 'Relative Humidity', 4819, 'Los Angeles', '', '2000-01-01', 4, 118, 1, 0),
	(627, '&deg;C', 'Vaisala OY', 'Temperature', 4816, 'Los Angeles', '', '2000-01-01', 5, 118, 1, 0),
	(628, '&deg;', 'Schiltknecht AG', 'Wind Direction', 4817, 'Los Angeles', '', '2000-01-01', 3, 118, 1, 0),
	(629, 'km/h', 'Schiltknecht AG', 'Wind Speed 200', 4814, 'Los Angeles', '', '2000-01-01', 2, 118, 1, 0),
	(630, 'mm', 'Pronamic', 'Precipitation', 4824, 'Orafti Selva Negra', '', '2000-01-01', 6, 119, 1, 0),
	(631, 'W/m2', 'Kipp und Zonen', 'Pyranometer SP-Lite', 4828, 'Orafti Selva Negra', '', '2000-01-01', 1, 119, 1, 0),
	(632, '&#37;', 'Vaisala OY', 'Relative Humidity', 4825, 'Orafti Selva Negra', '', '2000-01-01', 4, 119, 1, 0),
	(633, '&deg;C', 'Vaisala OY', 'Temperature', 4829, 'Orafti Selva Negra', '', '2000-01-01', 5, 119, 1, 0),
	(634, '&deg;', 'Schiltknecht AG', 'Wind Direction', 4826, 'Orafti Selva Negra', '', '2000-01-01', 3, 119, 1, 0),
	(635, 'km/h', 'Schiltknecht AG', 'Wind Speed 200', 4827, 'Orafti Selva Negra', '', '2000-01-01', 2, 119, 1, 0),
	(636, 'mm', 'Various', 'Precipitation', 4104, 'Perez Cruz', '', '2000-01-01', 6, 120, 1, 0),
	(637, 'W/m2', 'Kipp und Zonen', 'Pyranometer SP-Lite and CMP3', 4110, 'Perez Cruz', '', '2000-01-01', 1, 120, 1, 0),
	(638, '&#37;', 'Various', 'Relative Humidity', 4105, 'Perez Cruz', '', '2000-01-01', 4, 120, 1, 0),
	(639, '&deg;C', 'Various', 'Temperature', 4106, 'Perez Cruz', '', '2000-01-01', 5, 120, 1, 0),
	(640, 'km/h', 'Various', 'Wind Speed', 4108, 'Perez Cruz', '', '2000-01-01', 2, 120, 1, 0),
	(641, 'V', 'Adcon Telemetry GmbH', 'Battery Voltage', 1166, 'Ravanal', '', '2000-01-01', 7, 121, 1, 0),
	(644, 'mm', 'Various', 'Precipitation', 1167, 'Ravanal', '', '2000-01-01', 6, 121, 1, 0),
	(645, 'W/m2', 'Kipp und Zonen', 'Pyranometer SP-Lite and CMP3', 1168, 'Ravanal', '', '2000-01-01', 1, 121, 1, 0),
	(646, '&#37;', 'Various', 'Relative Humidity', 1165, 'Ravanal', '', '2000-01-01', 4, 121, 1, 0),
	(647, '&deg;C', 'Various', 'Temperature', 1170, 'Ravanal', '', '2000-01-01', 5, 121, 1, 0),
	(648, 'km/h', 'Various', 'Wind Speed', 1164, 'Ravanal', '', '2000-01-01', 2, 121, 1, 0),
	(649, 'mm', 'Various', 'Precipitation', 2163, 'El Transito', '', '2000-01-01', 6, 122, 1, 0),
	(650, 'W/m2', 'Kipp und Zonen', 'Pyranometer SP-Lite and CMP3', 2164, 'El Transito', '', '2000-01-01', 1, 122, 1, 0),
	(651, '&#37;', 'Various', 'Relative Humidity', 2170, 'El Transito', '', '2000-01-01', 4, 122, 1, 0),
	(652, '&deg;C', 'Various', 'Temperature', 2169, 'El Transito', '', '2000-01-01', 5, 122, 1, 0),
	(653, 'km/h', 'Various', 'Wind Speed', 2168, 'El Transito', '', '2000-01-01', 2, 122, 1, 0),
	(654, 'mm', 'Various', 'Precipitation', 2193, 'Molina', '', '2000-01-01', 6, 123, 1, 0),
	(655, 'W/m2', 'Kipp und Zonen', 'Pyranometer SP-Lite and CMP3', 2198, 'Molina', '', '2000-01-01', 1, 123, 1, 0),
	(656, '&#37;', 'Various', 'Relative Humidity', 2200, 'Molina', '', '2000-01-01', 4, 123, 1, 0),
	(657, '&deg;C', 'Various', 'Temperature', 2196, 'Molina', '', '2000-01-01', 5, 123, 1, 0),
	(658, 'km/h', 'Various', 'Wind Speed', 2194, 'Molina', '', '2000-01-01', 2, 123, 1, 0),
	(659, 'mm', 'Various', 'Precipitation', 2183, 'Pencahue', '', '2000-01-01', 6, 124, 1, 0),
	(660, 'W/m2', 'Kipp und Zonen', 'Pyranometer SP-Lite and CMP3', 2186, 'Pencahue', '', '2000-01-01', 1, 124, 1, 0),
	(661, '&#37;', 'Various', 'Relative Humidity', 2184, 'Pencahue', '', '2000-01-01', 4, 124, 1, 0),
	(662, '&deg;C', 'Various', 'Temperature', 2188, 'Pencahue', '', '2000-01-01', 5, 124, 1, 0),
	(663, 'km/h', 'Various', 'Wind Speed', 2190, 'Pencahue', '', '2000-01-01', 2, 124, 1, 0),
	(664, 'V', 'Adcon Telemetry GmbH', 'Battery Voltage', 2175, 'Totihue', '', '2000-01-01', 7, 125, 1, 0),
	(667, 'mm', 'Various', 'Precipitation', 2177, 'Totihue', '', '2000-01-01', 6, 125, 1, 0),
	(668, 'W/m2', 'Kipp und Zonen', 'Pyranometer SP-Lite and CMP3', 2173, 'Totihue', '', '2000-01-01', 1, 125, 1, 0),
	(669, '&#37;', 'Various', 'Relative Humidity', 2178, 'Totihue', '', '2000-01-01', 4, 125, 1, 0),
	(670, '&deg;C', 'Various', 'Temperature', 2180, 'Totihue', '', '2000-01-01', 5, 125, 1, 0),
	(671, 'km/h', 'Various', 'Wind Speed', 2179, 'Totihue', '', '2000-01-01', 2, 125, 1, 0),
	(673, 'mm', 'X', 'Precipitation 0.1mm', 4332, 'Casablanca', '', '2000-01-01', 6, 126, 1, 0),
	(674, 'W/m2', 'Kipp und Zonen', 'Pyranometer SP-Lite', 4323, 'Casablanca', '', '2000-01-01', 1, 126, 1, 0),
	(675, '&#37;', 'Vaisala OY', 'Relative Humidity', 4331, 'Casablanca', '', '2000-01-01', 4, 126, 1, 0),
	(676, 'V', 'Adcon Telemetry GmbH', 'Solar Cell', 4325, 'Casablanca', '', '2000-01-01', 9, 126, 1, 0),
	(677, '&deg;C', 'Vaisala OY', 'Temperature', 4328, 'Casablanca', '', '2000-01-01', 5, 126, 1, 0),
	(678, 'km/h', 'Schiltknecht AG', 'Wind Speed 200', 4329, 'Casablanca', '', '2000-01-01', 2, 126, 1, 0),
	(679, 'mm', 'Pronamic', 'Precipitation', 127, 'Santa Elena', '', '2000-01-01', 6, 127, 1, 0),
	(680, 'W/m2', 'Kipp und Zonen', 'Pyranometer SP-Lite', 123, 'Santa Elena', '', '2000-01-01', 1, 127, 1, 0),
	(681, '&#37;', 'Vaisala OY', 'Relative Humidity', 125, 'Santa Elena', '', '2000-01-01', 4, 127, 1, 0),
	(683, '&deg;C', 'Vaisala OY', 'Temperature', 131, 'Santa Elena', '', '2000-01-01', 5, 127, 1, 0),
	(684, 'km/h', 'Schiltknecht AG', 'Wind Speed 200', 129, 'Santa Elena', '', '2000-01-01', 2, 127, 1, 0),
	(685, 'mm', 'Various', 'Precipitation', 270, 'Tamaya', '', '2000-01-01', 6, 128, 1, 0),
	(686, 'W/m2', 'Kipp und Zonen', 'Pyranometer SP-Lite and CMP3', 268, 'Tamaya', '', '2000-01-01', 1, 128, 1, 0),
	(687, '&#37;', 'Various', 'Relative Humidity', 266, 'Tamaya', '', '2000-01-01', 4, 128, 1, 0),
	(688, '&deg;C', 'Various', 'Temperature', 267, 'Tamaya', '', '2000-01-01', 5, 128, 1, 0),
	(689, 'km/h', 'Various', 'Wind Speed', 265, 'Tamaya', '', '2000-01-01', 2, 128, 1, 0),
	(690, 'V', 'Adcon Telemetry GmbH', 'Battery Voltage', 3269, 'Terramater', '', '2000-01-01', 7, 129, 1, 0),
	(693, 'mm', 'Various', 'Precipitation', 3265, 'Terramater', '', '2000-01-01', 6, 129, 1, 0),
	(694, 'W/m2', 'Kipp und Zonen', 'Pyranometer SP-Lite and CMP3', 3270, 'Terramater', '', '2000-01-01', 1, 129, 1, 0),
	(695, '&#37;', 'Various', 'Relative Humidity', 3266, 'Terramater', '', '2000-01-01', 4, 129, 1, 0),
	(696, '&deg;C', 'Various', 'Temperature', 3267, 'Terramater', '', '2000-01-01', 5, 129, 1, 0),
	(697, 'km/h', 'Various', 'Wind Speed', 3264, 'Terramater', '', '2000-01-01', 2, 129, 1, 0),
	(698, 'V', 'Adcon Telemetry GmbH', 'Battery Voltage', 3303, 'Undurraga', '', '2000-01-01', 7, 130, 1, 0),
	(701, 'mm', 'Various', 'Precipitation', 3307, 'Undurraga', '', '2000-01-01', 6, 130, 1, 0),
	(702, 'W/m2', 'Kipp und Zonen', 'Pyranometer SP-Lite and CMP3', 3309, 'Undurraga', '', '2000-01-01', 1, 130, 1, 0),
	(703, '&#37;', 'Various', 'Relative Humidity', 3310, 'Undurraga', '', '2000-01-01', 4, 130, 1, 0),
	(704, '&deg;C', 'Various', 'Temperature', 3305, 'Undurraga', '', '2000-01-01', 5, 130, 1, 0),
	(705, 'km/h', 'Various', 'Wind Speed', 3306, 'Undurraga', '', '2000-01-01', 2, 130, 1, 0),
	(706, 'mm', 'Various', 'Precipitation', 454, 'Ventisquero', '', '2000-01-01', 6, 131, 1, 0),
	(707, 'W/m2', 'Kipp und Zonen', 'Pyranometer SP-Lite and CMP3', 457, 'Ventisquero', '', '2000-01-01', 1, 131, 1, 0),
	(708, '&#37;', 'Various', 'Relative Humidity', 451, 'Ventisquero', '', '2000-01-01', 4, 131, 1, 0),
	(709, '&deg;C', 'Various', 'Temperature', 452, 'Ventisquero', '', '2000-01-01', 5, 131, 1, 0),
	(710, 'km/h', 'Various', 'Wind Speed', 456, 'Ventisquero', '', '2000-01-01', 2, 131, 1, 0),
	(711, 'mm', 'Various', 'Precipitation', 885, 'Von Sibenthal', '', '2000-01-01', 6, 132, 1, 0),
	(712, 'W/m2', 'Kipp und Zonen', 'Pyranometer SP-Lite and CMP3', 889, 'Von Sibenthal', '', '2000-01-01', 1, 132, 1, 0),
	(713, '&#37;', 'Various', 'Relative Humidity', 884, 'Von Sibenthal', '', '2000-01-01', 4, 132, 1, 0),
	(714, '&deg;C', 'Various', 'Temperature', 887, 'Von Sibenthal', '', '2000-01-01', 5, 132, 1, 0),
	(715, 'km/h', 'Various', 'Wind Speed', 886, 'Von Sibenthal', '', '2000-01-01', 2, 132, 1, 0),
	(716, 'mm', 'Various', 'Precipitation', 3128, 'William Fevre', '', '2000-01-01', 6, 133, 1, 0),
	(717, 'W/m2', 'Kipp und Zonen', 'Pyranometer SP-Lite and CMP3', 3126, 'William Fevre', '', '2000-01-01', 1, 133, 1, 0),
	(718, '&#37;', 'Various', 'Relative Humidity', 3124, 'William Fevre', '', '2000-01-01', 4, 133, 1, 0),
	(719, '&deg;C', 'Various', 'Temperature', 3125, 'William Fevre', '', '2000-01-01', 5, 133, 1, 0),
	(720, 'km/h', 'Various', 'Wind Speed', 3130, 'William Fevre', '', '2000-01-01', 2, 133, 1, 0),
	(721, 'V', 'Adcon Telemetry GmbH', 'Battery Voltage', 185, 'Coltauco (El Sauce)', '', '2000-01-01', 7, 134, 1, 0),
	(722, 'V', 'Adcon Telemetry GmbH', 'Solar Cell', 186, 'Coltauco (El Sauce)', '', '2000-01-01', 9, 134, 1, 0),
	(723, 'W/m2', 'Kipp und Zonen', 'Pyanometer SP-Lite', 187, 'Coltauco (El Sauce)', '', '2000-01-01', 1, 134, 1, 0),
	(724, '&#37;', 'Vaisala OY', 'Relative Humidity', 188, 'Coltauco (El Sauce)', '', '2000-01-01', 4, 134, 1, 0),
	(725, '&deg;C', 'Vaisala OY', 'Temperature', 189, 'Coltauco (El Sauce)', '', '2000-01-01', 5, 134, 1, 0),
	(726, 'mm', 'Pronamic', 'Precipitation', 190, 'Coltauco (El Sauce)', '', '2000-01-01', 6, 134, 1, 0),
	(727, 'km/h', 'Schiltknecht AG', 'Wind Speed', 191, 'Coltauco (El Sauce)', '', '2000-01-01', 2, 134, 1, 0),
	(728, '&deg;', 'Schiltknecht AG', 'Wind Direction', 192, 'Coltauco (El Sauce)', '', '2000-01-01', 3, 134, 1, 0),
	(729, 'V', 'Adcon Telemetry GmbH', 'Batery Voltage', 278, 'Coltauco (Los Bronces)', '', '2000-01-01', 7, 135, 1, 0),
	(730, 'V', 'Adcon Telemetry GmbH', 'Solar Cell', 279, 'Coltauco (Los Bronces)', '', '2000-01-01', 9, 135, 1, 0),
	(731, 'W/m2', 'Kipp und Zonen', 'Pyranometer SP-Lite', 280, 'Coltauco (Los Bronces)', '', '2000-01-01', 1, 135, 1, 0),
	(732, '&deg;C', 'Vaisala OY', 'Temperature', 281, 'Coltauco (Los Bronces)', '', '2000-01-01', 5, 135, 1, 0),
	(733, '&#37;', 'Vaisala OY', 'Relative Humidity', 282, 'Coltauco (Los Bronces)', '', '2000-01-01', 4, 135, 1, 0),
	(734, 'mm', 'Pronamic', 'Precipitation', 283, 'Coltauco (Los Bronces)', '', '2000-01-01', 6, 135, 1, 0),
	(735, 'km/h', 'Schiltknecht AG', 'Wind Speed', 284, 'Coltauco (Los Bronces)', '', '2000-01-01', 2, 135, 1, 0),
	(736, '&deg;', 'Schiltknecht AG', 'Wind Direction', 285, 'Coltauco (Los Bronces)', '', '2000-01-01', 3, 135, 1, 0),
	(741, 'V', 'Adcon Telemetry GmbH', 'Battery Voltage', 4165, 'Garces Silva', '', '2000-01-01', 7, 136, 1, 0),
	(743, 'mm', 'Various', 'Precipitation', 4185, 'Garces Silva', '', '2000-01-01', 6, 136, 1, 0),
	(744, 'W/m2', 'Kipp und Zonen', 'Pyranometer SP-Lite and CMP3', 4181, 'Garces Silva', '', '2000-01-01', 1, 136, 1, 0),
	(745, '&#37;', 'Various', 'Relative Humidity', 4182, 'Garces Silva', '', '2000-01-01', 4, 136, 1, 0),
	(746, '&deg;C', 'Various', 'Temperature', 4186, 'Garces Silva', '', '2000-01-01', 5, 136, 1, 0),
	(747, 'km/h', 'Various', 'Wind Speed', 4183, 'Garces Silva', '', '2000-01-01', 2, 136, 1, 0),
	(748, 'V', 'Adcon Telemetry GmbH', 'Battery Voltage', 4467, 'Santa Rita', '', '2000-01-01', 7, 137, 1, 0),
	(750, 'mm', 'Various', 'Precipitation', 4465, 'Santa Rita', '', '2000-01-01', 6, 137, 1, 0),
	(751, 'W/m2', 'Kipp und Zonen', 'Pyranometer SP-Lite and CMP3', 4463, 'Santa Rita', '', '2000-01-01', 1, 137, 1, 0),
	(752, '&#37;', 'Various', 'Relative Humidity', 4469, 'Santa Rita', '', '2000-01-01', 4, 137, 1, 0),
	(753, '&deg;C', 'Various', 'Temperature', 4466, 'Santa Rita', '', '2000-01-01', 5, 137, 1, 0),
	(754, 'km/h', 'Various', 'Wind Speed', 9010, 'Santa Rita', '', '2000-01-01', 2, 137, 1, 0),
	(756, 'V', 'Adcon Telemetry GmbH', 'Battery Voltage', 4627, 'Concha y Toro', '', '2000-01-01', 7, 138, 1, 0),
	(757, 'mm', 'Various', 'Precipitation', 4629, 'Concha y Toro', '', '2000-01-01', 6, 138, 1, 0),
	(758, 'W/m2', 'Kipp und Zonen', 'Pyranometer SP-Lite and CMP3', 4623, 'Concha y Toro', '', '2000-01-01', 1, 138, 1, 0),
	(759, '&#37;', 'Various', 'Relative Humidity', 4624, 'Concha y Toro', '', '2000-01-01', 4, 138, 1, 0),
	(760, '&deg;C', 'Various', 'Temperature', 4625, 'Concha y Toro', '', '2000-01-01', 5, 138, 1, 0),
	(761, 'km/h', 'Various', 'Wind Speed', 4628, 'Concha y Toro', '', '2000-01-01', 2, 138, 1, 0),
	(762, 'V', 'Adcon Telemetry GmbH', 'Battery Voltage', 3276, 'Carta Vieja 45638', '', '2000-01-01', 7, 139, 1, 0),
	(763, 'mm', 'Various', 'Precipitation', 3278, 'Carta Vieja 45638', '', '2000-01-01', 6, 139, 1, 0),
	(764, 'W/m2', 'Kipp und Zonen', 'Pyranometer SP-Lite and CMP3', 3273, 'Carta Vieja 45638', '', '2000-01-01', 1, 139, 1, 0),
	(765, '&#37;', 'Various', 'Relative Humidity', 3280, 'Carta Vieja 45638', '', '2000-01-01', 4, 139, 1, 0),
	(766, '&deg;C', 'Various', 'Temperature', 3274, 'Carta Vieja 45638', '', '2000-01-01', 5, 139, 1, 0),
	(767, 'km/h', 'Various', 'Wind Speed', 3275, 'Carta Vieja 45638', '', '2000-01-01', 2, 139, 1, 0),
	(768, 'V', 'Adcon Telemetry GmbH', 'Battery Voltage', 4354, 'Luis Felipe Edwards', '', '2000-01-01', 7, 140, 1, 0),
	(769, 'W/m2', 'Kipp und Zonen', 'Pyranometer SP-Lite', 4350, 'Luis Felipe Edwards', '', '2000-01-01', 1, 140, 1, 0),
	(770, '&#37;', 'Vaisala OY', 'Relative Humidity', 4345, 'Luis Felipe Edwards', '', '2000-01-01', 4, 140, 1, 0),
	(774, '&deg;C', 'Vaisala OY', 'Temperature', 4348, 'Luis Felipe Edwards', '', '2000-01-01', 5, 140, 1, 0),
	(775, '&deg;', 'Schiltknecht AG', 'Wind Direction', 4349, 'Luis Felipe Edwards', '', '2000-01-01', 3, 140, 1, 0),
	(776, 'km/h', 'Schiltknecht AG', 'Wind Speed 200', 4353, 'Luis Felipe Edwards', '', '2000-01-01', 2, 140, 1, 0),
	(778, 'mm', 'Pronamic', 'Precipitation', 5541, 'Agricola La Concordia', '', '2000-01-01', 6, 142, 1, 0),
	(779, 'W/m2', 'Kipp und Zonen', 'Pyranometer SP-Lite', 4944, 'Agricola La Concordia', '', '2000-01-01', 1, 142, 1, 0),
	(780, 'km/h', 'Schiltknecht AG', 'Wind Speed 200', 4946, 'Agricola La Concordia', '', '2000-01-01', 2, 142, 1, 0),
	(781, 'V', 'Adcon Telemetry GmbH', 'Solar Cell', 409, 'FRUCOL', '', '2000-01-01', 9, 143, 1, 0),
	(782, 'V', 'Adcon Telemetry GmbH', 'Battery Voltage', 410, 'FRUCOL', '', '2000-01-01', 7, 143, 1, 0),
	(783, 'km/h', 'Schiltknecht AG', 'Wind Speed', 411, 'FRUCOL', '', '2000-01-01', 2, 143, 1, 0),
	(784, '&deg;', 'Schiltknecht AG', 'Wind Direction', 412, 'FRUCOL', '', '2000-01-01', 3, 143, 1, 0),
	(785, 'mm', 'Pronamic', 'Precipitation', 413, 'FRUCOL', '', '2000-01-01', 6, 143, 1, 0),
	(786, '&#37;', 'Vaisala OY', 'Relative Humidity', 414, 'FRUCOL', '', '2000-01-01', 4, 143, 1, 0),
	(787, '&deg;C', 'Vaisala OY', 'Temperature', 415, 'FRUCOL', '', '2000-01-01', 5, 143, 1, 0),
	(788, 'W/m2', 'Kipp und Zonen', 'Pyranometer', 416, 'FRUCOL', '', '2000-01-01', 1, 143, 1, 0),
	(821, 'V', 'Adcon Telemetry GmbH', 'Battery Voltage', 564, '48471 MS', '', '2000-01-01', 7, 148, 1, 0),
	(822, 'V', 'Adcon Telemetry GmbH', 'Charging Regulator', 563, '48471 MS', '', '2000-01-01', 9, 148, 1, 0),
	(825, '&#37;', 'Various', 'Relative Humidity', 565, '48471 MS', '', '2000-01-01', 4, 148, 1, 0),
	(826, '&deg;C', 'Various', 'Temperature', 566, '48471 MS', '', '2000-01-01', 5, 148, 1, 0),
	(827, 'W/m2', 'Kipp und Zonen', 'Pyranometer SP-Lite', 567, '48471 MS', '', '2000-01-01', 1, 148, 1, 0),
	(828, 'km/h', 'Various', 'Wind Speed', 568, '48471 MS', '', '2000-01-01', 2, 148, 1, 0),
	(829, '&deg;', 'Various', 'Wind Direction', 569, '48471 MS', '', '2000-01-01', 3, 148, 1, 0),
	(830, 'mm', 'Various', 'Precipitation', 570, '48471 MS', '', '2000-01-01', 6, 148, 1, 0),
	(831, 'V', 'Adcon Telemetry GmbH', 'Battery Voltage', 492, '48466 MS', '', '2000-01-01', 7, 149, 1, 0),
	(832, 'V', 'Adcon Telemetry GmbH', 'Charging Regulator', 491, '48466 MS', '', '2000-01-01', 9, 149, 1, 0),
	(835, '&#37;', 'Various', 'Relative Humidity', 514, '48466 MS', '', '2000-01-01', 4, 149, 1, 0),
	(836, '&deg;C', 'Various', 'Temperature', 515, '48466 MS', '', '2000-01-01', 5, 149, 1, 0),
	(837, 'W/m2', 'Kipp und Zonen', 'Pyranometer SP-Lite', 516, '48466 MS', '', '2000-01-01', 1, 149, 1, 0),
	(838, 'km/h', 'Various', 'Wind Speed', 517, '48466 MS', '', '2000-01-01', 2, 149, 1, 0),
	(839, '&deg;', 'Various', 'Wind Direction', 518, '48466 MS', '', '2000-01-01', 3, 149, 1, 0),
	(840, 'mm', 'Various', 'Precipitation', 519, '48466 MS', '', '2000-01-01', 6, 149, 1, 0),
	(841, 'V', 'Adcon Telemetry GmbH', 'Battery Voltage', 487, '48440 MS', '', '2000-01-01', 7, 150, 1, 0),
	(842, 'V', 'Adcon Telemetry GmbH', 'Charging Regulator', 486, '48440 MS', '', '2000-01-01', 9, 150, 1, 0),
	(845, '&#37;', 'Various', 'Relative Humidity', 508, '48440 MS', '', '2000-01-01', 4, 150, 1, 0),
	(846, '&deg;C', 'Various', 'Temperature', 509, '48440 MS', '', '2000-01-01', 5, 150, 1, 0),
	(847, 'W/m2', 'Kipp und Zonen', 'Pyranometer SP-Lite', 510, '48440 MS', '', '2000-01-01', 1, 150, 1, 0),
	(848, 'km/h', 'Various', 'Wind Speed', 511, '48440 MS', '', '2000-01-01', 2, 150, 1, 0),
	(849, '&deg;', 'Various', 'Wind Direction', 512, '48440 MS', '', '2000-01-01', 3, 150, 1, 0),
	(850, 'mm', 'Various', 'Precipitation', 513, '48440 MS', '', '2000-01-01', 6, 150, 1, 0),
	(851, 'V', 'Adcon Telemetry GmbH', 'Battery Voltage', 482, '48469 MS', '', '2000-01-01', 7, 151, 1, 0),
	(852, 'V', 'Adcon Telemetry GmbH', 'Charging Regulator', 481, '48469 MS', '', '2000-01-01', 9, 151, 1, 0),
	(855, '&#37;', 'Various', 'Relative Humidity', 501, '48469 MS', '', '2000-01-01', 4, 151, 1, 0),
	(856, '&deg;C', 'Various', 'Temperature', 502, '48469 MS', '', '2000-01-01', 5, 151, 1, 0),
	(857, 'W/m2', 'Kipp und Zonen', 'Pyranometer SP-Lite', 503, '48469 MS', '', '2000-01-01', 1, 151, 1, 0),
	(858, 'km/h', 'Various', 'Wind Speed', 504, '48469 MS', '', '2000-01-01', 2, 151, 1, 0),
	(859, '&deg;', 'Various', 'Wind Direction', 505, '48469 MS', '', '2000-01-01', 3, 151, 1, 0),
	(860, 'mm', 'Various', 'Precipitation', 507, '48469 MS', '', '2000-01-01', 6, 151, 1, 0),
	(861, 'V', 'Adcon Telemetry GmbH', 'Solar Cell', 280, 'Quepo - 49320', '', '2000-01-01', 9, 152, 1, 0),
	(862, 'V', 'Adcon Telemetry GmbH', 'Battery Voltage', 281, 'Quepo - 49320', '', '2000-01-01', 7, 152, 1, 0),
	(863, '&deg;', 'Schiltknecht AG', 'Wind Direction', 327, 'Quepo - 49320', '', '2000-01-01', 3, 152, 1, 0),
	(864, 'km/h', 'Schiltknecht AG', 'Wind Speed', 328, 'Quepo - 49320', '', '2000-01-01', 2, 152, 1, 0),
	(865, 'mm', 'Pronamic', 'Precipitation', 329, 'Quepo - 49320', '', '2000-01-01', 6, 152, 1, 0),
	(866, '&#37;', 'Vaisala OY', 'Relative Humidity', 330, 'Quepo - 49320', '', '2000-01-01', 4, 152, 1, 0),
	(867, '&deg;C', 'Vaisala OY', 'Temperature', 331, 'Quepo - 49320', '', '2000-01-01', 5, 152, 1, 0),
	(868, 'W/m2', 'Kipp und Zonen', 'Pyranometer SP-Lite', 332, 'Quepo - 49320', '', '2000-01-01', 1, 152, 1, 0),
	(869, 'V', 'Adcon Telemetry GmbH', 'Battery Voltage', 500, '37272 MS', '', '2000-01-01', 7, 153, 1, 0),
	(870, 'V', 'Adcon Telemetry GmbH', 'Charging Regulator', 499, '37272 MS', '', '2000-01-01', 9, 153, 1, 0),
	(871, '&#37;', 'Various', 'Relative Humidity', 526, '37272 MS', '', '2000-01-01', 4, 153, 1, 0),
	(872, '&deg;C', 'Various', 'Temperature', 527, '37272 MS', '', '2000-01-01', 5, 153, 1, 0),
	(873, 'W/m2', 'Kipp und Zonen', 'Pyranometer SP-Lite', 528, '37272 MS', '', '2000-01-01', 1, 153, 1, 0),
	(874, '&deg;', 'Various', 'Wind Direction', 530, '37272 MS', '', '2000-01-01', 3, 153, 1, 0),
	(875, 'km/h', 'Various', 'Wind Speed', 529, '37272 MS', '', '2000-01-01', 2, 153, 1, 0),
	(876, 'mm', 'Various', 'Precipitation', 531, '37272 MS', '', '2000-01-01', 6, 153, 1, 0),
	(877, 'V', 'Adcon Telemetry GmbH', 'Battery Voltage', 8029, 'Ventisquero Apalta 46208', '', '2000-01-01', 7, 154, 1, 0),
	(878, 'mm', 'Various', 'Precipitation', 8028, 'Ventisquero Apalta 46208', '', '2000-01-01', 6, 154, 1, 0),
	(879, 'W/m2', 'Kipp und Zonen', 'Pyranometer SP-Lite and CMP3', 8025, 'Ventisquero Apalta 46208', '', '2000-01-01', 1, 154, 1, 0),
	(880, '&#37;', 'Various', 'Relative Humidity', 8026, 'Ventisquero Apalta 46208', '', '2000-01-01', 4, 154, 1, 0),
	(881, '&deg;C', 'Various', 'Temperature', 8030, 'Ventisquero Apalta 46208', '', '2000-01-01', 5, 154, 1, 0),
	(882, 'km/h', 'Various', 'Wind Speed', 8023, 'Ventisquero Apalta 46208', '', '2000-01-01', 2, 154, 1, 0),
	(901, 'V', 'Adcon Telemetry GmbH', 'Battery Voltage', 9073, 'Santa Carolina 46201 (1)', '', '2000-01-01', 7, 158, 1, 0),
	(902, 'mm', 'Various', 'Precipitation', 9077, 'Santa Carolina 46201 (1)', '', '2000-01-01', 6, 158, 1, 0),
	(903, 'W/m2', 'Kipp und Zonen', 'Pyranometer SP-Lite and CMP3', 9078, 'Santa Carolina 46201 (1)', '', '2000-01-01', 1, 158, 1, 0),
	(904, '&#37;', 'Various', 'Relative Humidity', 9072, 'Santa Carolina 46201 (1)', '', '2000-01-01', 4, 158, 1, 0),
	(905, '&deg;C', 'Various', 'Temperature', 9075, 'Santa Carolina 46201 (1)', '', '2000-01-01', 5, 158, 1, 0),
	(906, 'km/h', 'Various', 'Wind Speed', 9204, 'Santa Carolina 46201 (1)', '', '2000-01-01', 2, 158, 1, 0),
	(907, 'V', 'Adcon Telemetry GmbH', 'Battery Voltage', 5303, 'Torres 46206', '', '2000-01-01', 7, 159, 1, 0),
	(908, 'mm', 'Various', 'Precipitation', 5304, 'Torres 46206', '', '2000-01-01', 6, 159, 1, 0),
	(909, 'W/m2', 'Kipp und Zonen', 'Pyranometer SP-Lite and CMP3', 5307, 'Torres 46206', '', '2000-01-01', 1, 159, 1, 0),
	(910, '&#37;', 'Various', 'Relative Humidity', 5309, 'Torres 46206', '', '2000-01-01', 4, 159, 1, 0),
	(911, '&deg;C', 'Various', 'Temperature', 5308, 'Torres 46206', '', '2000-01-01', 5, 159, 1, 0),
	(912, 'km/h', 'Various', 'Wind Speed', 5305, 'Torres 46206', '', '2000-01-01', 2, 159, 1, 0),
	(913, 'V', 'Adcon Telemetry GmbH', 'Battery Voltage', 8087, 'Puertas 46188', '', '2000-01-01', 7, 160, 1, 0),
	(914, 'mm', 'Various', 'Precipitation', 8089, 'Puertas 46188', '', '2000-01-01', 6, 160, 1, 0),
	(915, 'W/m2', 'Kipp und Zonen', 'Pyranometer SP-Lite and CMP3', 8085, 'Puertas 46188', '', '2000-01-01', 1, 160, 1, 0),
	(916, '&#37;', 'Various', 'Relative Humidity', 8084, 'Puertas 46188', '', '2000-01-01', 4, 160, 1, 0),
	(917, '&deg;C', 'Various', 'Temperature', 8086, 'Puertas 46188', '', '2000-01-01', 5, 160, 1, 0),
	(918, 'km/h', 'Various', 'Wind Speed', 8088, 'Puertas 46188', '', '2000-01-01', 2, 160, 1, 0),
	(919, 'V', 'Adcon Telemetry GmbH', 'Battery Voltage', 281, 'Quepo - 49320', '', '2000-01-01', 7, 161, 1, 0),
	(920, 'V', 'Adcon Telemetry GmbH', 'Solar Cell', 280, 'Quepo - 49320', '', '2000-01-01', 9, 161, 1, 0),
	(921, 'km/h', 'Various', 'Wind Speed', 328, 'Quepo - 49320', '', '2000-01-01', 2, 161, 1, 0),
	(922, '&deg;', 'Various', 'Wind Direction', 327, 'Quepo - 49320', '', '2000-01-01', 3, 161, 1, 0),
	(923, 'mm', 'Various', 'Precipitation', 329, 'Quepo - 49320', '', '2000-01-01', 6, 161, 1, 0),
	(924, '&#37;', 'Various', 'Relative Humidity', 330, 'Quepo - 49320', '', '2000-01-01', 4, 161, 1, 0),
	(925, '&deg;C', 'Various', 'Temperature', 331, 'Quepo - 49320', '', '2000-01-01', 5, 161, 1, 0),
	(926, 'W/m2', 'Kipp und Zonen', 'Pyranometer SP-Lite', 332, 'Quepo - 49320', '', '2000-01-01', 1, 161, 1, 0),
	(927, 'V', 'Adcon Telemetry GmbH', 'Solar Cell', 338, 'Longavi - 37277', '', '2000-01-01', 9, 162, 1, 0),
	(928, 'V', 'Adcon Telemetry GmbH', 'Battery Voltage', 339, 'Longavi - 37277', '', '2000-01-01', 7, 162, 1, 0),
	(929, 'W/m2', 'Kipp und Zonen', 'Pyranometer SP-Lite', 349, 'Longavi - 37277', '', '2000-01-01', 1, 162, 1, 0),
	(930, '&#37;', 'Various', 'Relative Humidity', 350, 'Longavi - 37277', '', '2000-01-01', 4, 162, 1, 0),
	(931, '&deg;C', 'Various', 'Temperature', 351, 'Longavi - 37277', '', '2000-01-01', 5, 162, 1, 0),
	(932, 'mm', 'Various', 'Precipitation', 352, 'Longavi - 37277', '', '2000-01-01', 6, 162, 1, 0),
	(933, '&deg;', 'Various', 'Wind Direction', 353, 'Longavi - 37277', '', '2000-01-01', 3, 162, 1, 0),
	(934, 'km/h', 'Various', 'Wind Speed', 354, 'Longavi - 37277', '', '2000-01-01', 2, 162, 1, 0),
	(943, 'V', 'Adcon Telemetry GmbH', 'Battery Voltage', 269, 'Pelarco - 37275', '', '2000-01-01', 7, 164, 1, 0),
	(944, 'V', 'Adcon Telemetry GmbH', 'Solar Cell', 268, 'Pelarco - 37275', '', '2000-01-01', 9, 164, 1, 0),
	(945, 'W/m2', 'Kipp und Zonen', 'Pyranometer SP-Lite', 270, 'Pelarco - 37275', '', '2000-01-01', 1, 164, 1, 0),
	(946, '&#37;', 'Various', 'Relative Humidity', 271, 'Pelarco - 37275', '', '2000-01-01', 4, 164, 1, 0),
	(947, '&deg;C', 'Various', 'Temperature', 272, 'Pelarco - 37275', '', '2000-01-01', 5, 164, 1, 0),
	(948, 'mm', 'Various', 'Precipitation', 535, 'Pelarco - 37275', '', '2000-01-01', 6, 164, 1, 0),
	(949, '&deg;', 'Various', 'Wind Direction', 533, 'Pelarco - 37275', '', '2000-01-01', 3, 164, 1, 0),
	(950, 'km/h', 'Various', 'Wind Speed', 534, 'Pelarco - 37275', '', '2000-01-01', 2, 164, 1, 0),
	(951, 'V', 'Adcon Telemetry GmbH', 'Solar Cell', 335, 'Parral - 37284', '', '2000-01-01', 9, 165, 1, 0),
	(952, 'V', 'Adcon Telemetry GmbH', 'Battery Voltage', 336, 'Parral - 37284', '', '2000-01-01', 7, 165, 1, 0),
	(953, 'W/m2', 'Kipp und Zonen', 'Pyranometer SP-Lite', 536, 'Parral - 37284', '', '2000-01-01', 1, 165, 1, 0),
	(954, '&#37;', 'Various', 'Relative Humidity', 537, 'Parral - 37284', '', '2000-01-01', 4, 165, 1, 0),
	(955, '&deg;C', 'Various', 'Temperature', 538, 'Parral - 37284', '', '2000-01-01', 5, 165, 1, 0),
	(956, 'mm', 'Various', 'Precipitation', 539, 'Parral - 37284', '', '2000-01-01', 6, 165, 1, 0),
	(957, '&deg;', 'Various', 'Wind Direction', 540, 'Parral - 37284', '', '2000-01-01', 3, 165, 1, 0),
	(958, 'km/h', 'Various', 'Wind Speed', 541, 'Parral - 37284', '', '2000-01-01', 2, 165, 1, 0),
	(959, 'V', 'Adcon Telemetry GmbH', 'Battery Voltage', 251, 'San Clemente - 37291', '', '2000-01-01', 7, 166, 1, 0),
	(960, 'V', 'Adcon Telemetry GmbH', 'Solar Cell', 250, 'San Clemente - 37291', '', '2000-01-01', 9, 166, 1, 0),
	(961, 'W/m2', 'Kipp und Zonen', 'Pyranometer SP-Lite', 252, 'San Clemente - 37291', '', '2000-01-01', 1, 166, 1, 0),
	(962, '&#37;', 'Various', 'Relative Humidity', 253, 'San Clemente - 37291', '', '2000-01-01', 4, 166, 1, 0),
	(963, '&deg;C', 'Various', 'Temperature', 254, 'San Clemente - 37291', '', '2000-01-01', 5, 166, 1, 0),
	(964, 'mm', 'Various', 'Precipitation', 255, 'San Clemente - 37291', '', '2000-01-01', 6, 166, 1, 0),
	(965, 'km/h', 'Various', 'Wind Speed', 257, 'San Clemente - 37291', '', '2000-01-01', 2, 166, 1, 0),
	(966, '&deg;', 'Various', 'Wind Direction', 256, 'San Clemente - 37291', '', '2000-01-01', 3, 166, 1, 0),
	(967, 'V', 'Adcon Telemetry GmbH', 'Battery Voltage', 251, 'San Clemente - 37291', '', '2000-01-01', 7, 167, 1, 0),
	(968, 'V', 'Adcon Telemetry GmbH', 'Solar Cell', 250, 'San Clemente - 37291', '', '2000-01-01', 9, 167, 1, 0),
	(969, 'W/m2', 'Kipp und Zonen', 'Pyranometer SP-Lite', 252, 'San Clemente - 37291', '', '2000-01-01', 1, 167, 1, 0),
	(970, '&#37;', 'Various', 'Relative Humidity', 253, 'San Clemente - 37291', '', '2000-01-01', 4, 167, 1, 0),
	(971, '&deg;C', 'Various', 'Temperature', 254, 'San Clemente - 37291', '', '2000-01-01', 5, 167, 1, 0),
	(972, 'mm', 'Various', 'Precipitation', 255, 'San Clemente - 37291', '', '2000-01-01', 6, 167, 1, 0),
	(973, 'km/h', 'Various', 'Wind Speed', 257, 'San Clemente - 37291', '', '2000-01-01', 2, 167, 1, 0),
	(974, '&deg;', 'Various', 'Wind Direction', 256, 'San Clemente - 37291', '', '2000-01-01', 3, 167, 1, 0),
	(975, 'V', 'Adcon Telemetry GmbH', 'Battery Voltage', 269, 'Pelarco - 37275', '', '2000-01-01', 7, 168, 1, 0),
	(976, 'V', 'Adcon Telemetry GmbH', 'Solar Cell', 268, 'Pelarco - 37275', '', '2000-01-01', 9, 168, 1, 0),
	(977, 'W/m2', 'Kipp und Zonen', 'Pyranometer SP-Lite', 270, 'Pelarco - 37275', '', '2000-01-01', 1, 168, 1, 0),
	(978, '&#37;', 'Various', 'Relative Humidity', 271, 'Pelarco - 37275', '', '2000-01-01', 4, 168, 1, 0),
	(979, '&deg;C', 'Various', 'Temperature', 272, 'Pelarco - 37275', '', '2000-01-01', 5, 168, 1, 0),
	(980, 'mm', 'Various', 'Precipitation', 535, 'Pelarco - 37275', '', '2000-01-01', 6, 168, 1, 0),
	(981, '&deg;', 'Various', 'Wind Direction', 533, 'Pelarco - 37275', '', '2000-01-01', 3, 168, 1, 0),
	(982, 'km/h', 'Various', 'Wind Speed', 534, 'Pelarco - 37275', '', '2000-01-01', 2, 168, 1, 0),
	(983, 'V', 'Adcon Telemetry GmbH', 'Battery Voltage', 9739, 'Tarapaca 46205', '', '2000-01-01', 7, 169, 1, 0),
	(984, 'mm', 'Various', 'Precipitation', 9744, 'Tarapaca 46205', '', '2000-01-01', 6, 169, 1, 0),
	(985, 'W/m2', 'Kipp und Zonen', 'Pyranometer SP-Lite and CMP3', 9742, 'Tarapaca 46205', '', '2000-01-01', 1, 169, 1, 0),
	(986, '&#37;', 'Various', 'Relative Humidity', 9746, 'Tarapaca 46205', '', '2000-01-01', 4, 169, 1, 0),
	(987, '&deg;C', 'Various', 'Temperature', 9745, 'Tarapaca 46205', '', '2000-01-01', 5, 169, 1, 0),
	(988, 'km/h', 'Various', 'Wind Speed', 9741, 'Tarapaca 46205', '', '2000-01-01', 2, 169, 1, 0),
	(989, 'V', 'Adcon Telemetry GmbH', 'Battery Voltage', 548, '57291 - Longavi - El Almendro', '', '2000-01-01', 7, 170, 1, 0),
	(990, 'V', 'Adcon Telemetry GmbH', 'Charging Regulator', 547, '57291 - Longavi - El Almendro', '', '2000-01-01', 9, 170, 1, 0),
	(991, '&#37;', 'Various', 'Relative Humidity', 549, '57291 - Longavi - El Almendro', '', '2000-01-01', 4, 170, 1, 0),
	(992, '&deg;C', 'Various', 'Temperature', 550, '57291 - Longavi - El Almendro', '', '2000-01-01', 5, 170, 1, 0),
	(993, 'W/m2', 'Kipp und Zonen', 'Pyranometer SP-Lite', 551, '57291 - Longavi - El Almendro', '', '2000-01-01', 1, 170, 1, 0),
	(994, 'mm', 'Various', 'Precipitation', 552, '57291 - Longavi - El Almendro', '', '2000-01-01', 6, 170, 1, 0),
	(995, 'V', 'Adcon Telemetry GmbH', 'Battery Voltage', 548, '57291 - Longavi - El Almendro', '', '2000-01-01', 7, 171, 1, 0),
	(996, 'V', 'Adcon Telemetry GmbH', 'Charging Regulator', 547, '57291 - Longavi - El Almendro', '', '2000-01-01', 9, 171, 1, 0),
	(997, '&#37;', 'Various', 'Relative Humidity', 549, '57291 - Longavi - El Almendro', '', '2000-01-01', 4, 171, 1, 0),
	(998, '&deg;C', 'Various', 'Temperature', 550, '57291 - Longavi - El Almendro', '', '2000-01-01', 5, 171, 1, 0),
	(999, 'W/m2', 'Kipp und Zonen', 'Pyranometer SP-Lite', 551, '57291 - Longavi - El Almendro', '', '2000-01-01', 1, 171, 1, 0),
	(1000, 'mm', 'Various', 'Precipitation', 552, '57291 - Longavi - El Almendro', '', '2000-01-01', 6, 171, 1, 0),
	(1001, 'V', 'Adcon Telemetry GmbH', 'Battery Voltage', 175, 'San Vicente', '', '2000-01-01', 7, 172, 1, 0),
	(1002, 'V', 'Adcon Telemetry GmbH', 'Solar Cell', 176, 'San Vicente', '', '2000-01-01', 9, 172, 1, 0),
	(1003, 'W/m2', 'Kipp und Zonen', 'Pyranometer SP-Lite', 177, 'San Vicente', '', '2000-01-01', 1, 172, 1, 0),
	(1004, '&#37;', 'Various', 'Relative Humidity', 178, 'San Vicente', '', '2000-01-01', 4, 172, 1, 0),
	(1005, '&deg;C', 'Various', 'Temperature', 179, 'San Vicente', '', '2000-01-01', 5, 172, 1, 0),
	(1006, 'mm', 'Various', 'Precipitation', 180, 'San Vicente', '', '2000-01-01', 6, 172, 1, 0),
	(1007, 'km/h', 'Various', 'Wind Speed', 181, 'San Vicente', '', '2000-01-01', 2, 172, 1, 0),
	(1008, '&deg;', 'Various', 'Wind Direction', 182, 'San Vicente', '', '2000-01-01', 3, 172, 1, 0),
	(1023, 'n/a', 'Adcon Telemetry GmbH', 'RF IN', 632, '15859', '', '2000-01-01', 0, 175, 1, 0),
	(1024, 'n/a', 'Adcon Telemetry GmbH', 'RF OUT', 633, '15859', '', '2000-01-01', 0, 175, 1, 0),
	(1025, 'V', 'Adcon Telemetry GmbH', 'Charging Regulator', 634, '15859', '', '2000-01-01', 9, 175, 1, 0),
	(1026, 'V', 'Adcon Telemetry GmbH', 'Battery Voltage', 635, '15859', '', '2000-01-01', 7, 175, 1, 0),
	(1027, '&#37;', 'Various', 'Relative Humidity', 636, '15859', '', '2000-01-01', 4, 175, 1, 0),
	(1028, '&deg;C', 'Various', 'Temperature', 637, '15859', '', '2000-01-01', 5, 175, 1, 0),
	(1029, 'W/m2', 'Kipp und Zonen', 'Pyranometer SP-Lite', 638, '15859', '', '2000-01-01', 1, 175, 1, 0),
	(1030, 'km/h', 'Various', 'Wind Speed', 639, '15859', '', '2000-01-01', 2, 175, 1, 0),
	(1031, '&deg;', 'Various', 'Wind Direction', 640, '15859', '', '2000-01-01', 3, 175, 1, 0),
	(1032, 'mm', 'Various', 'Precipitation', 641, '15859', '', '2000-01-01', 6, 175, 1, 0),
	(1033, 'V', 'Adcon Telemetry GmbH', 'Charging Regulator', 660, '27275 Endesa', '', '2000-01-01', 9, 176, 1, 0),
	(1034, 'V', 'Adcon Telemetry GmbH', 'Battery Voltage', 661, '27275 Endesa', '', '2000-01-01', 7, 176, 1, 0),
	(1035, '&deg;C', 'Various', 'Temperature', 678, '27275 Endesa', '', '2000-01-01', 5, 176, 1, 0),
	(1036, '&#37;', 'Various', 'Relative Humidity', 679, '27275 Endesa', '', '2000-01-01', 4, 176, 1, 0),
	(1037, 'W/m2', 'Kipp und Zonen', 'Pyranometer SP-Lite', 671, '27275 Endesa', '', '2000-01-01', 1, 176, 1, 0),
	(1038, '&deg;', 'Various', 'Wind Direction', 669, '27275 Endesa', '', '2000-01-01', 3, 176, 1, 0),
	(1039, 'km/h', 'Various', 'Wind Speed', 670, '27275 Endesa', '', '2000-01-01', 2, 176, 1, 0),
	(1040, 'mm', 'Various', 'Precipitation', 662, '27275 Endesa', '', '2000-01-01', 6, 176, 1, 0),
	(1041, 'V', 'Adcon Telemetry GmbH', 'Charging Regulator', 657, '28471 Endesa', '', '2000-01-01', 9, 177, 1, 0),
	(1042, 'V', 'Adcon Telemetry GmbH', 'Battery Voltage', 658, '28471 Endesa', '', '2000-01-01', 7, 177, 1, 0),
	(1043, '&deg;C', 'Various', 'Temperature', 676, '28471 Endesa', '', '2000-01-01', 5, 177, 1, 0),
	(1044, '&#37;', 'Various', 'Relative Humidity', 677, '28471 Endesa', '', '2000-01-01', 4, 177, 1, 0),
	(1045, 'W/m2', 'Kipp und Zonen', 'Pyranometer SP-Lite', 672, '28471 Endesa', '', '2000-01-01', 1, 177, 1, 0),
	(1046, '&deg;', 'Various', 'Wind Direction', 667, '28471 Endesa', '', '2000-01-01', 3, 177, 1, 0),
	(1047, 'km/h', 'Various', 'Wind Speed', 668, '28471 Endesa', '', '2000-01-01', 2, 177, 1, 0),
	(1048, 'mm', 'Various', 'Precipitation', 663, '28471 Endesa', '', '2000-01-01', 6, 177, 1, 0),
	(1049, 'V', 'Adcon Telemetry GmbH', 'Charging Regulator', 746, '29242 Endesa', '', '2000-01-01', 9, 178, 1, 0),
	(1050, 'V', 'Adcon Telemetry GmbH', 'Battery Voltage', 747, '29242 Endesa', '', '2000-01-01', 7, 178, 1, 0),
	(1051, '&deg;C', 'Various', 'Temperature', 749, '29242 Endesa', '', '2000-01-01', 5, 178, 1, 0),
	(1052, '&#37;', 'Various', 'Relative Humidity', 748, '29242 Endesa', '', '2000-01-01', 4, 178, 1, 0),
	(1053, 'W/m2', 'Kipp und Zonen', 'Pyranometer SP-Lite', 750, '29242 Endesa', '', '2000-01-01', 1, 178, 1, 0),
	(1054, 'km/h', 'Various', 'Wind Speed', 751, '29242 Endesa', '', '2000-01-01', 2, 178, 1, 0),
	(1055, '&deg;', 'Various', 'Wind Direction', 752, '29242 Endesa', '', '2000-01-01', 3, 178, 1, 0),
	(1056, 'mm', 'Various', 'Precipitation', 753, '29242 Endesa', '', '2000-01-01', 6, 178, 1, 0),
	(1073, 'V', 'Adcon Telemetry GmbH', 'Charging Regulator', 692, '44209 - Liceo Agrícola Duao', '', '2000-01-01', 9, 182, 1, 0),
	(1074, 'V', 'Adcon Telemetry GmbH', 'Battery Voltage', 693, '44209 - Liceo Agrícola Duao', '', '2000-01-01', 7, 182, 1, 0),
	(1075, '&#37;', 'Various', 'Relative Humidity', 695, '44209 - Liceo Agrícola Duao', '', '2000-01-01', 4, 182, 1, 0),
	(1076, '&deg;C', 'Various', 'Temperature', 694, '44209 - Liceo Agrícola Duao', '', '2000-01-01', 5, 182, 1, 0),
	(1077, 'W/m2', 'Kipp und Zonen', 'Pyranometer SP-Lite', 696, '44209 - Liceo Agrícola Duao', '', '2000-01-01', 1, 182, 1, 0),
	(1078, '&deg;', 'Various', 'Wind Direction', 697, '44209 - Liceo Agrícola Duao', '', '2000-01-01', 3, 182, 1, 0),
	(1079, 'km/h', 'Various', 'Wind Speed', 698, '44209 - Liceo Agrícola Duao', '', '2000-01-01', 2, 182, 1, 0),
	(1080, 'mm', 'Various', 'Precipitation', 699, '44209 - Liceo Agrícola Duao', '', '2000-01-01', 6, 182, 1, 0),
	(1081, 'V', 'Adcon Telemetry GmbH', 'Battery Voltage', 756, '59044 San Víctor Alamos FIC', '', '2000-01-01', 7, 183, 1, 0),
	(1082, 'V', 'Adcon Telemetry GmbH', 'Charging Regulator', 755, '59044 San Víctor Alamos FIC', '', '2000-01-01', 9, 183, 1, 0),
	(1083, '&#37;', 'Various', 'Relative Humidity', 757, '59044 San Víctor Alamos FIC', '', '2000-01-01', 4, 183, 1, 0),
	(1084, '&deg;C', 'Various', 'Temperature', 758, '59044 San Víctor Alamos FIC', '', '2000-01-01', 5, 183, 1, 0),
	(1085, 'W/m2', 'Kipp und Zonen', 'Pyranometer SP-Lite', 759, '59044 San Víctor Alamos FIC', '', '2000-01-01', 1, 183, 1, 0),
	(1086, 'km/h', 'Various', 'Wind Speed', 761, '59044 San Víctor Alamos FIC', '', '2000-01-01', 2, 183, 1, 0),
	(1087, '&deg;', 'Various', 'Wind Direction', 760, '59044 San Víctor Alamos FIC', '', '2000-01-01', 3, 183, 1, 0),
	(1088, 'mm', 'Various', 'Precipitation', 762, '59044 San Víctor Alamos FIC', '', '2000-01-01', 6, 183, 1, 0),
	(1089, 'V', 'Adcon Telemetry GmbH', 'Charging Regulator', 773, '59043 Huapi FIC', '', '2000-01-01', 9, 184, 1, 0),
	(1090, 'V', 'Adcon Telemetry GmbH', 'Battery Voltage', 774, '59043 Huapi FIC', '', '2000-01-01', 7, 184, 1, 0),
	(1091, '&#37;', 'Various', 'Relative Humidity', 775, '59043 Huapi FIC', '', '2000-01-01', 4, 184, 1, 0),
	(1092, '&deg;C', 'Various', 'Temperature', 776, '59043 Huapi FIC', '', '2000-01-01', 5, 184, 1, 0),
	(1093, 'W/m2', 'Kipp und Zonen', 'Pyranometer SP-Lite', 777, '59043 Huapi FIC', '', '2000-01-01', 1, 184, 1, 0),
	(1094, 'km/h', 'Various', 'Wind Speed', 778, '59043 Huapi FIC', '', '2000-01-01', 2, 184, 1, 0),
	(1095, '&deg;', 'Various', 'Wind Direction', 779, '59043 Huapi FIC', '', '2000-01-01', 3, 184, 1, 0),
	(1096, 'mm', 'Various', 'Precipitation', 780, '59043 Huapi FIC', '', '2000-01-01', 6, 184, 1, 0),
	(1097, 'V', 'Adcon Telemetry GmbH', 'Charging Regulator', 764, '59308 Palmilla FIC', '', '2000-01-01', 9, 185, 1, 0),
	(1098, 'V', 'Adcon Telemetry GmbH', 'Battery Voltage', 765, '59308 Palmilla FIC', '', '2000-01-01', 7, 185, 1, 0),
	(1099, '&#37;', 'Various', 'Relative Humidity', 766, '59308 Palmilla FIC', '', '2000-01-01', 4, 185, 1, 0),
	(1100, '&deg;C', 'Various', 'Temperature', 767, '59308 Palmilla FIC', '', '2000-01-01', 5, 185, 1, 0),
	(1101, 'W/m2', 'Kipp und Zonen', 'Pyranometer SP-Lite', 768, '59308 Palmilla FIC', '', '2000-01-01', 1, 185, 1, 0),
	(1102, 'km/h', 'Various', 'Wind Speed', 769, '59308 Palmilla FIC', '', '2000-01-01', 2, 185, 1, 0),
	(1103, '&deg;', 'Various', 'Wind Direction', 770, '59308 Palmilla FIC', '', '2000-01-01', 3, 185, 1, 0),
	(1104, 'mm', 'Various', 'Precipitation', 771, '59308 Palmilla FIC', '', '2000-01-01', 6, 185, 1, 0),
	(1105, 'V', 'Adcon Telemetry GmbH', 'Charging Regulator', 710, '59317 Test 1', '', '2000-01-01', 9, 186, 1, 0),
	(1106, 'V', 'Adcon Telemetry GmbH', 'Battery Voltage', 711, '59317 Test 1', '', '2000-01-01', 7, 186, 1, 0),
	(1107, '&#37;', 'Various', 'Relative Humidity', 712, '59317 Test 1', '', '2000-01-01', 4, 186, 1, 0),
	(1108, '&deg;C', 'Various', 'Temperature', 713, '59317 Test 1', '', '2000-01-01', 5, 186, 1, 0),
	(1109, 'W/m2', 'Kipp und Zonen', 'Pyranometer SP-Lite', 714, '59317 Test 1', '', '2000-01-01', 1, 186, 1, 0),
	(1110, '&deg;', 'Various', 'Wind Direction', 715, '59317 Test 1', '', '2000-01-01', 3, 186, 1, 0),
	(1111, 'km/h', 'Various', 'Wind Speed', 716, '59317 Test 1', '', '2000-01-01', 2, 186, 1, 0),
	(1112, 'mm', 'Various', 'Precipitation', 717, '59317 Test 1', '', '2000-01-01', 6, 186, 1, 0),
	(1113, 'V', 'Adcon Telemetry GmbH', 'Battery Voltage', 684, '44230', '', '2000-01-01', 7, 187, 1, 0),
	(1114, 'V', 'Adcon Telemetry GmbH', 'Charging Regulator', 683, '44230', '', '2000-01-01', 9, 187, 1, 0),
	(1115, '&deg;C', 'Various', 'Temperature', 685, '44230', '', '2000-01-01', 5, 187, 1, 0),
	(1116, '&#37;', 'Various', 'Relative Humidity', 686, '44230', '', '2000-01-01', 4, 187, 1, 0),
	(1117, 'W/m2', 'Kipp und Zonen', 'Pyranometer SP-Lite', 687, '44230', '', '2000-01-01', 1, 187, 1, 0),
	(1118, '&deg;', 'Various', 'Wind Direction', 689, '44230', '', '2000-01-01', 3, 187, 1, 0),
	(1119, 'km/h', 'Various', 'Wind Speed', 688, '44230', '', '2000-01-01', 2, 187, 1, 0),
	(1120, 'mm', 'Various', 'Precipitation', 690, '44230', '', '2000-01-01', 6, 187, 1, 0),
	(1121, 'V', 'Adcon Telemetry GmbH', 'Charging Regulator', 798, '40671 - Davis', '', '2000-01-01', 9, 188, 1, 0),
	(1122, 'V', 'Adcon Telemetry GmbH', 'Battery Voltage', 799, '40671 - Davis', '', '2000-01-01', 7, 188, 1, 0),
	(1123, '&deg;C', 'Various', 'Temperature', 800, '40671 - Davis', '', '2000-01-01', 5, 188, 1, 0),
	(1124, '&#37;', 'Various', 'Relative Humidity', 801, '40671 - Davis', '', '2000-01-01', 4, 188, 1, 0),
	(1125, 'W/m2', 'Kipp und Zonen', 'Pyranometer SP-Lite', 802, '40671 - Davis', '', '2000-01-01', 1, 188, 1, 0),
	(1126, '&deg;', 'Various', 'Wind Direction', 803, '40671 - Davis', '', '2000-01-01', 3, 188, 1, 0),
	(1127, 'km/h', 'Various', 'Wind Speed', 804, '40671 - Davis', '', '2000-01-01', 2, 188, 1, 0),
	(1128, 'mm', 'Various', 'Precipitation', 805, '40671 - Davis', '', '2000-01-01', 6, 188, 1, 0),
	(1129, 'V', 'Adcon Telemetry GmbH', 'Charging Regulator', 810, 'Test RTU 09.2017', '', '2000-01-01', 9, 189, 1, 0),
	(1130, 'V', 'Adcon Telemetry GmbH', 'Battery Voltage', 811, 'Test RTU 09.2017', '', '2000-01-01', 7, 189, 1, 0),
	(1131, '&deg;C', 'Various', 'Temperature', 812, 'Test RTU 09.2017', '', '2000-01-01', 5, 189, 1, 0),
	(1132, '&#37;', 'Various', 'Relative Humidity', 813, 'Test RTU 09.2017', '', '2000-01-01', 4, 189, 1, 0),
	(1133, 'W/m2', 'Kipp und Zonen', 'Pyranometer SP-Lite', 814, 'Test RTU 09.2017', '', '2000-01-01', 1, 189, 1, 0),
	(1134, '&deg;', 'Various', 'Wind Direction', 815, 'Test RTU 09.2017', '', '2000-01-01', 3, 189, 1, 0),
	(1135, 'km/h', 'Various', 'Wind Speed', 816, 'Test RTU 09.2017', '', '2000-01-01', 2, 189, 1, 0),
	(1136, 'mm', 'Various', 'Precipitation', 817, 'Test RTU 09.2017', '', '2000-01-01', 6, 189, 1, 0),
	(1145, 'V', 'Adcon Telemetry GmbH', 'Charging Regulator', 822, '40002 - Rio Claro', '', '2000-01-01', 9, 191, 1, 0),
	(1146, 'V', 'Adcon Telemetry GmbH', 'Battery Voltage', 823, '40002 - Rio Claro', '', '2000-01-01', 7, 191, 1, 0),
	(1147, 'W/m2', 'Kipp und Zonen', 'Pyranometer SP-Lite', 830, '40002 - Rio Claro', '', '2000-01-01', 1, 191, 1, 0),
	(1148, '&deg;C', 'Various', 'Temperature', 827, '40002 - Rio Claro', '', '2000-01-01', 5, 191, 1, 0),
	(1149, '&#37;', 'Various', 'Relative Humidity', 828, '40002 - Rio Claro', '', '2000-01-01', 4, 191, 1, 0),
	(1150, 'km/h', 'Various', 'Wind Speed', 825, '40002 - Rio Claro', '', '2000-01-01', 2, 191, 1, 0),
	(1151, '&deg;', 'Various', 'Wind Direction', 826, '40002 - Rio Claro', '', '2000-01-01', 3, 191, 1, 0),
	(1152, 'mm', 'Various', 'Precipitation', 824, '40002 - Rio Claro', '', '2000-01-01', 6, 191, 1, 0),
	(1153, 'n/a', 'Adcon Telemetry GmbH', 'RF IN', 844, '40006 - Retiro CTA', '', '2000-01-01', 0, 192, 1, 0),
	(1154, 'n/a', 'Adcon Telemetry GmbH', 'RF OUT', 845, '40006 - Retiro CTA', '', '2000-01-01', 0, 192, 1, 0),
	(1155, 'V', 'Adcon Telemetry GmbH', 'Charging Regulator', 846, '40006 - Retiro CTA', '', '2000-01-01', 9, 192, 1, 0),
	(1156, 'V', 'Adcon Telemetry GmbH', 'Battery Voltage', 847, '40006 - Retiro CTA', '', '2000-01-01', 7, 192, 1, 0),
	(1157, 'W/m2', 'Kipp und Zonen', 'Pyranometer SP-Lite', 851, '40006 - Retiro CTA', '', '2000-01-01', 1, 192, 1, 0),
	(1158, '&deg;C', 'Various', 'Temperature', 852, '40006 - Retiro CTA', '', '2000-01-01', 5, 192, 1, 0),
	(1159, '&#37;', 'Various', 'Relative Humidity', 853, '40006 - Retiro CTA', '', '2000-01-01', 4, 192, 1, 0),
	(1160, 'km/h', 'Various', 'Wind Speed', 854, '40006 - Retiro CTA', '', '2000-01-01', 2, 192, 1, 0),
	(1161, '&deg;', 'Various', 'Wind Direction', 855, '40006 - Retiro CTA', '', '2000-01-01', 3, 192, 1, 0),
	(1162, 'mm', 'Various', 'Precipitation', 856, '40006 - Retiro CTA', '', '2000-01-01', 6, 192, 1, 0);


-- Volcando estructura para tabla citrads.menus
CREATE TABLE IF NOT EXISTS `menus` (
  `id` int(11) NOT NULL AUTO_INCREMENT,
  `name` varchar(255) NOT NULL,
  `icon` varchar(50) NOT NULL,
  `url` varchar(255) DEFAULT NULL,
  `parent_id` int(11) NOT NULL,
  PRIMARY KEY (`id`)
) ENGINE=InnoDB AUTO_INCREMENT=16 DEFAULT CHARSET=latin1;

-- Volcando datos para la tabla citrads.menus: ~14 rows (aproximadamente)
DELETE FROM `menus`;
INSERT INTO `menus` (`id`, `name`, `icon`, `url`, `parent_id`) VALUES
	(1, 'Agrodatos', 'fab fa-pagelines', '#', 0),
	(2, 'Usuarios', 'fa fa-users', '#', 0),
	(3, 'Crear Usuario', 'fa fa-plus', '/Admins/Create', 2),
	(4, 'Administrar Usuarios', 'fa fa-users', '/Admins/Index', 2),
	(5, 'Roles', 'fa fa-lock', '#', 0),
	(6, 'Crear Rol', 'fa fa-lock', '/Roles/Create', 5),
	(7, 'Administrar Roles', 'fa fa-lock', '/Roles/Index', 5),
	(8, 'Estaciones', 'fa fa-lock', '#', 0),
	(9, 'Administrar Estaciones', 'fa fa-lock', '/EstacionesAsignadas/Index', 8),
	(10, 'Mapas', 'fa fa-globe-americas', '#', 0),
	(11, 'Crear Estación', 'fa fa-lock', '/EstacionesAsignadas/Create', 8),
	(13, 'Consumo Hídrico', 'fas fa-chart-area', '/Home/Privacy', 10),
	(14, 'Descarga de datos', 'fas fa-arrow-circle-down', '/Agrodatos/Datos', 1),
	(15, 'Datos disponibles', 'fas fa-chart-bar', '/Agrodatos/Index ', 1);

-- Volcando estructura para tabla citrads.link_roles_menus
CREATE TABLE IF NOT EXISTS `link_roles_menus` (
  `id` int(11) NOT NULL AUTO_INCREMENT,
  `roles_id` int(11) NOT NULL,
  `menus_id` int(11) NOT NULL,
  PRIMARY KEY (`id`),
  KEY `menus_id` (`menus_id`),
  KEY `roles_id` (`roles_id`),
  CONSTRAINT `link_roles_menus_ibfk_1` FOREIGN KEY (`menus_id`) REFERENCES `menus` (`id`),
  CONSTRAINT `link_roles_menus_ibfk_2` FOREIGN KEY (`roles_id`) REFERENCES `roles` (`id`)
) ENGINE=InnoDB AUTO_INCREMENT=153 DEFAULT CHARSET=latin1;

-- Volcando datos para la tabla citrads.link_roles_menus: ~33 rows (aproximadamente)
DELETE FROM `link_roles_menus`;
INSERT INTO `link_roles_menus` (`id`, `roles_id`, `menus_id`) VALUES
	(93, 7, 1),
	(94, 7, 10),
	(122, 1, 11),
	(123, 1, 9),
	(124, 1, 8),
	(125, 1, 7),
	(126, 1, 6),
	(127, 1, 5),
	(128, 1, 14),
	(129, 1, 3),
	(130, 1, 2),
	(131, 1, 15),
	(132, 1, 10),
	(133, 1, 1),
	(134, 1, 4),
	(135, 1, 13),
	(136, 6, 1),
	(137, 6, 14),
	(138, 6, 15),
	(139, 6, 10),
	(140, 6, 13),
	(141, 2, 9),
	(142, 2, 8),
	(143, 2, 7),
	(144, 2, 6),
	(145, 2, 5),
	(146, 2, 15),
	(147, 2, 2),
	(148, 2, 10),
	(149, 2, 14),
	(150, 2, 1),
	(151, 2, 4),
	(152, 2, 13);
	
-- Volcando estructura para tabla citrads.poligonos
CREATE TABLE IF NOT EXISTS `poligonos` (
  `idPoligonos` int(11) NOT NULL AUTO_INCREMENT,
  `idAdmin` int(11) NOT NULL,
  `coordenadas` longtext CHARACTER SET utf8mb4 COLLATE utf8mb4_bin NOT NULL CHECK (json_valid(`coordenadas`)),
  `nombre` varchar(45) NOT NULL,
  PRIMARY KEY (`idPoligonos`),
  KEY `FK1_idx` (`idAdmin`),
  CONSTRAINT `FK1` FOREIGN KEY (`idAdmin`) REFERENCES `admins` (`id`) ON DELETE NO ACTION ON UPDATE NO ACTION
) ENGINE=InnoDB AUTO_INCREMENT=15 DEFAULT CHARSET=latin1;

-- Volcando datos para la tabla citrads.poligonos: ~10 rows (aproximadamente)
DELETE FROM `poligonos`;
INSERT INTO `poligonos` (`idPoligonos`, `idAdmin`, `coordenadas`, `nombre`) VALUES
	(5, 1, '{"type": "FeatureCollection", "features": [{"type": "Feature", "geometry": {"type": "Polygon", "coordinates": [[[-4891.969810251147, 126212.83603359002], [273950.3093740719, -20546.258273948333], [151651.06411778997, 405055.115217913], [-4891.969810251147, 126212.83603359002]]]}, "properties": null}]}', 'mkb'),
	(6, 1, '{"type": "FeatureCollection", "features": [{"type": "Feature", "geometry": {"type": "Polygon", "coordinates": [[[-406033.4942508561, -211333.0808737483], [-748471.3809684457, -490175.3600580712], [117407.275446031, -519527.178919579], [-406033.4942508561, -211333.0808737483]]]}, "properties": null}]}', 'cdsx'),
	(7, 1, '{"type": "FeatureCollection", "features": [{"type": "Feature", "geometry": {"type": "Polygon", "coordinates": [[[533224.7093173896, -30330.197894450976], [-132083.18487678445, -362984.1449915379], [621280.1659019128, -431471.7223350558], [533224.7093173896, -30330.197894450976]]]}, "properties": null}]}', 'larry'),
	(8, 1, '{"type": "FeatureCollection", "features": [{"type": "Feature", "geometry": {"type": "Polygon", "coordinates": [[[-386465.61500985106, 272971.9303411284], [-934366.2337579944, -98817.77523796888], [73379.5471537693, -382552.0242325432], [-386465.61500985106, 272971.9303411284]]]}, "properties": null}]}', 'xcxcxcxc'),
	(9, 1, '{"type": "FeatureCollection", "features": [{"type": "Feature", "geometry": {"type": "Polygon", "coordinates": [[[-146759.09430753812, 551814.2095254514], [-582144.4074199023, 219160.26242836437], [435385.31311236415, 131104.80584384128], [44027.72829226171, 620301.7868689693], [-146759.09430753812, 551814.2095254514]]]}, "properties": null}]}', 'mnn'),
	(10, 1, '{"type": "FeatureCollection", "features": [{"type": "Feature", "geometry": {"type": "Polygon", "coordinates": [[[-728903.5017274406, 101752.9869823336], [-993069.8714810098, -392335.9638530457], [-347329.8565278407, -270036.71859676356], [-728903.5017274406, 101752.9869823336]]]}, "properties": null}]}', 'bhfdfgh'),
	(11, 1, '{"type": "FeatureCollection", "features": [{"type": "Feature", "geometry": {"type": "Polygon", "coordinates": [[[-7969238.577355656, -4238615.711803474], [-7969477.443069047, -4239107.775173061], [-7968703.518157659, -4238816.359002723], [-7969238.577355656, -4238615.711803474]]]}, "properties": null}]}', 'Campo1'),
	(12, 1, '{"type": "FeatureCollection", "features": [{"type": "Feature", "geometry": {"type": "Polygon", "coordinates": [[[-7969495.357997549, -4223653.402396944], [-7969380.702455121, -4223485.002069003], [-7969258.880941292, -4223808.665110649], [-7969495.357997549, -4223653.402396944]]]}, "properties": null}, {"type": "Feature", "geometry": {"type": "Polygon", "coordinates": [[[-7969495.357997549, -4223653.402396944], [-7969380.702455121, -4223485.002069003], [-7969258.880941292, -4223808.665110649], [-7969495.357997549, -4223653.402396944]]]}, "properties": null}]}', 'Prueba1'),
	(13, 1, '{"type":"FeatureCollection","features":[{"type":"Feature","geometry":{"type":"Polygon","coordinates":[[[417692.6790125503,714227.592296687],[-624296.8905709726,454953.1923533691],[398124.7997715452,-317978.03766633314],[417692.6790125503,714227.592296687]]]},"properties":null}]}', '2333232'),
	(14, 23, '{"type":"FeatureCollection","features":[{"type":"Feature","geometry":{"type":"Point","coordinates":[-7961315.364319703,-4230835.861131318]},"properties":null}]}', 'P6');



/*!40103 SET TIME_ZONE=IFNULL(@OLD_TIME_ZONE, 'system') */;
/*!40101 SET SQL_MODE=IFNULL(@OLD_SQL_MODE, '') */;
/*!40014 SET FOREIGN_KEY_CHECKS=IFNULL(@OLD_FOREIGN_KEY_CHECKS, 1) */;
/*!40101 SET CHARACTER_SET_CLIENT=@OLD_CHARACTER_SET_CLIENT */;
/*!40111 SET SQL_NOTES=IFNULL(@OLD_SQL_NOTES, 1) */;
